seed,state,true_dw,true_decile,est_dw,err,abs_err,logit_err,logit_abserr,in_anchor_set,pc_respondents,phe_respondents,anchor_slope,anchor_r2,n_shared,wall_clock_s
0,s000,0.0030000000000000014,1,0.0026059084154405584,-0.000394091584559443,0.000394091584559443,-0.14122615362792423,0.14122615362792423,False,14000,4000,-0.9913325366611108,0.9941825786086689,30,139.68
0,s001,0.0031219161778481435,1,0.0033659827905603294,0.00024406661271218592,0.00024406661271218592,0.07551787108948993,0.07551787108948993,False,14000,4000,-0.9913325366611108,0.9941825786086689,30,139.68
0,s002,0.0032487707293095565,1,0.0030390145547891066,-0.00020975617452044992,0.00020975617452044992,-0.06695380210418822,0.06695380210418822,False,14000,4000,-0.9913325366611108,0.9941825786086689,30,139.68
0,s003,0.0033807623512267402,1,0.0026040206342460713,-0.0007767417169806689,0.0007767417169806689,-0.2618236564383576,0.2618236564383576,False,14000,4000,-0.9913325366611108,0.9941825786086689,30,139.68
0,s004,0.0035180976241367796,1,0.0030006536605457572,-0.0005174439635910223,0.0005174439635910223,-0.1596093800788534,0.1596093800788534,False,14000,4000,-0.9913325366611108,0.9941825786086689,30,139.68
0,s005,0.0036609913158666702,1,0.0031089205525395114,-0.0005520707633271589,0.0005520707633271589,-0.1640123312029882,0.1640123312029882,False,14000,4000,-0.9913325366611108,0.9941825786086689,30,139.68
0,s006,0.003809666696051363,1,0.003779307754406349,-3.0358941645013994e-05,3.0358941645013994e-05,-0.008031319432056705,0.008031319432056705,False,14000,4000,-0.9913325366611108,0.9941825786086689,30,139.68
0,s007,0.003964355861902294,1,0.0034531033310205767,-0.0005112525308817169,0.0005112525308817169,-0.13858319861384416,0.13858319861384416,False,14000,4000,-0.9913325366611108,0.9941825786086689,30,139.68
0,s008,0.004125300075558041,1,0.003468272348267186,-0.0006570277272908548,0.0006570277272908548,-0.1741417069527431,0.1741417069527431,False,14000,4000,-0.9913325366611108,0.9941825786086689,30,139.68
0,s009,0.0042927501133521945,1,0.0038101712545353193,-0.00048257885881687525,0.00048257885881687525,-0.11973798476289321,0.11973798476289321,False,14000,4000,-0.9913325366611108,0.9941825786086689,30,139.68
0,s010,0.004466966627336397,1,0.003963309126167057,-0.0005036575011693406,0.0005036575011693406,-0.12013604665569488,0.12013604665569488,False,14000,4000,-0.9913325366611108,0.9941825786086689,30,139.68
0,s011,0.004648220519398493,1,0.00459584176336059,-5.2378756037902915e-05,5.2378756037902915e-05,-0.011385154147264487,0.011385154147264487,False,14000,4000,-0.9913325366611108,0.9941825786086689,30,139.68
0,s012,0.004836793328316949,1,0.004619577413050024,-0.0002172159152669254,0.0002172159152669254,-0.04616698164224964,0.04616698164224964,False,14000,4000,-0.9913325366611108,0.9941825786086689,30,139.68
0,s013,0.005032977630093196,1,0.004943457511281188,-8.952011881200803e-05,8.952011881200803e-05,-0.018036764588620358,0.018036764588620358,False,14000,4000,-0.9913325366611108,0.9941825786086689,30,139.68
0,s014,0.005237077451902622,1,0.005701283035534532,0.0004642055836319098,0.0004642055836319098,0.0853943972892166,0.0853943972892166,False,14000,4000,-0.9913325366611108,0.9941825786086689,30,139.68
0,s015,0.005449408700003343,1,0.0047663380518025355,-0.0006830706482008073,0.0006830706482008073,-0.13461537896349984,0.13461537896349984,False,14000,4000,-0.9913325366611108,0.9941825786086689,30,139.68
0,s016,0.005670299601938639,1,0.005234037969158916,-0.000436261632779723,0.000436261632779723,-0.08049755103229028,0.08049755103229028,False,14000,4000,-0.9913325366611108,0.9941825786086689,30,139.68
0,s017,0.005900091163364447,1,0.0053093261577827,-0.0005907650055817469,0.0005907650055817469,-0.10609697036556831,0.10609697036556831,False,14000,4000,-0.9913325366611108,0.9941825786086689,30,139.68
0,s018,0.006139137639827404,1,0.005539480211462323,-0.0005996574283650812,0.0005996574283650812,-0.10338679064254475,0.10338679064254475,False,14000,4000,-0.9913325366611108,0.9941825786086689,30,139.68
0,s019,0.0063878070238109486,1,0.005741559633929875,-0.0006462473898810736,0.0006462473898810736,-0.10731032468521917,0.10731032468521917,False,14000,4000,-0.9913325366611108,0.9941825786086689,30,139.68
0,s020,0.006646481547357599,1,0.005781393849882164,-0.0008650876974754347,0.0008650876974754347,-0.14031331688220572,0.14031331688220572,False,14000,4000,-0.9913325366611108,0.9941825786086689,30,139.68
0,s021,0.006915558200563664,1,0.00584517346773467,-0.0010703847328289943,0.0010703847328289943,-0.16923467068980003,0.16923467068980003,False,14000,4000,-0.9913325366611108,0.9941825786086689,30,139.68
0,s022,0.00719544926622873,2,0.006699982652366398,-0.0004954666138623316,0.0004954666138623316,-0.07184277571425213,0.07184277571425213,False,14000,4000,-0.9913325366611108,0.9941825786086689,30,139.68
0,s023,0.007486582870925904,2,0.00668211159999434,-0.0008044712709315638,0.0008044712709315638,-0.11448863366737783,0.11448863366737783,False,14000,4000,-0.9913325366611108,0.9941825786086689,30,139.68
0,s024,0.007789403552739643,2,0.007125807180056154,-0.0006635963726834898,0.0006635963726834898,-0.08970986544689552,0.08970986544689552,False,14000,4000,-0.9913325366611108,0.9941825786086689,30,139.68
0,s025,0.008104372845895796,2,0.007771706461144389,-0.0003326663847514075,0.0003326663847514075,-0.04224933972732625,0.04224933972732625,False,14000,4000,-0.9913325366611108,0.9941825786086689,30,139.68
0,s026,0.00843196988248352,2,0.008773790291303558,0.0003418204088200382,0.0003418204088200382,0.040083267896482866,0.040083267896482866,False,14000,4000,-0.9913325366611108,0.9941825786086689,30,139.68
0,s027,0.008772692011439593,2,0.008101042850771201,-0.0006716491606683916,0.0006716491606683916,-0.0803282797338607,0.0803282797338607,False,14000,4000,-0.9913325366611108,0.9941825786086689,30,139.68
0,s028,0.009127055434933494,2,0.009126697119844823,-3.583150886710823e-07,3.583150886710823e-07,-3.962095000886734e-05,3.962095000886734e-05,False,14000,4000,-0.9913325366611108,0.9941825786086689,30,139.68
0,s029,0.00949559586225475,2,0.009632767874983145,0.0001371720127283961,0.0001371720127283961,0.014481005581687079,0.014481005581687079,False,14000,4000,-0.9913325366611108,0.9941825786086689,30,139.68
0,s030,0.009878869181262996,2,0.009703553523214616,-0.00017531565804838022,0.00017531565804838022,-0.0180829380342864,0.0180829380342864,False,14000,4000,-0.9913325366611108,0.9941825786086689,30,139.68
0,s031,0.010277452147415602,2,0.00933529193415161,-0.0009421602132639924,0.0009421602132639924,-0.09710182510544918,0.09710182510544918,False,14000,4000,-0.9913325366611108,0.9941825786086689,30,139.68
0,s032,0.010691943090336442,2,0.010385919825257318,-0.00030602326507912433,0.00030602326507912433,-0.02934873250950787,0.02934873250950787,False,14000,4000,-0.9913325366611108,0.9941825786086689,30,139.68
0,s033,0.0111229626378329,2,0.010059107710098205,-0.0010638549277346941,0.0010638549277346941,-0.10160845664117701,0.10160845664117701,False,14000,4000,-0.9913325366611108,0.9941825786086689,30,139.68
0,s034,0.011571154457205883,2,0.011586397430009108,1.5242972803225507e-05,1.5242972803225507e-05,0.001331879775699818,0.001331879775699818,False,14000,4000,-0.9913325366611108,0.9941825786086689,30,139.68
0,s035,0.012037186013628203,2,0.009923511327972869,-0.002113674685655334,0.002113674685655334,-0.19523101164118284,0.19523101164118284,False,14000,4000,-0.9913325366611108,0.9941825786086689,30,139.68
0,s036,0.012521749345291306,2,0.012164774032536657,-0.00035697531275464926,0.00035697531275464926,-0.029284115749528716,0.029284115749528716,False,14000,4000,-0.9913325366611108,0.9941825786086689,30,139.68
0,s037,0.013025561854936784,2,0.011450461753182473,-0.001575100101754311,0.001575100101754311,-0.13047828174560028,0.13047828174560028,False,14000,4000,-0.9913325366611108,0.9941825786086689,30,139.68
0,s038,0.01354936711729793,2,0.014578843008627424,0.0010294758913294948,0.0010294758913294948,0.07427569089524066,0.07427569089524066,False,14000,4000,-0.9913325366611108,0.9941825786086689,30,139.68
0,s039,0.014093935701877364,2,0.012714184168556285,-0.0013797515333210785,0.0013797515333210785,-0.10442487620022156,0.10442487620022156,False,14000,4000,-0.9913325366611108,0.9941825786086689,30,139.68
0,s040,0.014660066010377684,2,0.013778601303208243,-0.0008814647071694413,0.0008814647071694413,-0.06290462011420672,0.06290462011420672,False,14000,4000,-0.9913325366611108,0.9941825786086689,30,139.68
0,s041,0.015248585127984502,2,0.013685917625043124,-0.001562667502941378,0.001562667502941378,-0.10970493387392377,0.10970493387392377,False,14000,4000,-0.9913325366611108,0.9941825786086689,30,139.68
0,s042,0.0158603496875726,2,0.014911729440762085,-0.0009486202468105137,0.0009486202468105137,-0.0626375942137285,0.0626375942137285,False,14000,4000,-0.9913325366611108,0.9941825786086689,30,139.68
0,s043,0.01649624674576679,2,0.014499989112905369,-0.0019962576328614225,0.0019962576328614225,-0.13101267008198736,0.13101267008198736,False,14000,4000,-0.9913325366611108,0.9941825786086689,30,139.68
0,s044,0.01715719466963917,3,0.017710445238304482,0.0005532505686653109,0.0005532505686653109,0.03230005906824207,0.03230005906824207,False,14000,4000,-0.9913325366611108,0.9941825786086689,30,139.68
0,s045,0.017844144032661036,3,0.01630833838176636,-0.0015358056508946762,0.0015358056508946762,-0.09156134220238776,0.09156134220238776,False,14000,4000,-0.9913325366611108,0.9941825786086689,30,139.68
0,s046,0.018558078518353435,3,0.017075148734509108,-0.0014829297838443271,0.0014829297838443271,-0.08479090793992361,0.08479090793992361,False,14000,4000,-0.9913325366611108,0.9941825786086689,30,139.68
0,s047,0.019300015829891038,3,0.020376485360231796,0.0010764695303407575,0.0010764695303407575,0.05537389861220854,0.05537389861220854,False,14000,4000,-0.9913325366611108,0.9941825786086689,30,139.68
0,s048,0.020071008603711707,3,0.019975452949229672,-9.555565448203518e-05,9.555565448203518e-05,-0.004869756720979002,0.004869756720979002,False,14000,4000,-0.9913325366611108,0.9941825786086689,30,139.68
0,s049,0.02087214532496684,3,0.018008035537015132,-0.0028641097879517075,0.0028641097879517075,-0.15051832775488627,0.15051832775488627,False,14000,4000,-0.9913325366611108,0.9941825786086689,30,139.68
0,s050,0.02170455124241479,3,0.020543197236117656,-0.0011613540062971328,0.0011613540062971328,-0.05617853767087011,0.05617853767087011,False,14000,4000,-0.9913325366611108,0.9941825786086689,30,139.68
0,s051,0.022569389280111214,3,0.02211600633491854,-0.00045338294519267283,0.00045338294519267283,-0.020756660875304256,0.020756660875304256,False,14000,4000,-0.9913325366611108,0.9941825786086689,30,139.68
0,s052,0.02346786094298502,3,0.023409816073438523,-5.804486954649746e-05,5.804486954649746e-05,-0.00253587896548213,0.00253587896548213,False,14000,4000,-0.9913325366611108,0.9941825786086689,30,139.68
0,s053,0.024401207213106135,3,0.02149720600792122,-0.002904001205184914,0.002904001205184914,-0.12968184673287064,0.12968184673287064,False,14000,4000,-0.9913325366611108,0.9941825786086689,30,139.68
0,s054,0.0253707094331517,3,0.024709427469975197,-0.0006612819631765035,0.0006612819631765035,-0.027088752738424926,0.027088752738424926,False,14000,4000,-0.9913325366611108,0.9941825786086689,30,139.68
0,s055,0.026377690173258906,3,0.02637715588617387,-5.342870850362502e-07,5.342870850362502e-07,-2.0804231413595886e-05,2.0804231413595886e-05,False,14000,4000,-0.9913325366611108,0.9941825786086689,30,139.68
0,s056,0.027423514077116424,3,0.025119870602305142,-0.0023036434748112816,0.0023036434748112816,-0.09010743103042129,0.09010743103042129,False,14000,4000,-0.9913325366611108,0.9941825786086689,30,139.68
0,s057,0.02850958868279088,3,0.026574663460477762,-0.0019349252223131164,0.0019349252223131164,-0.07227194249327518,0.07227194249327518,False,14000,4000,-0.9913325366611108,0.9941825786086689,30,139.68
0,s058,0.029637365213410392,3,0.02794540415563142,-0.0016919610577789714,0.0016919610577789714,-0.060525267905409574,0.060525267905409574,False,14000,4000,-0.9913325366611108,0.9941825786086689,30,139.68
0,s059,0.03080833933243411,3,0.03231695298951471,0.0015086136570806007,0.0015086136570806007,0.04936432369013044,0.04936432369013044,False,14000,4000,-0.9913325366611108,0.9941825786086689,30,139.68
0,s060,0.032024051857823865,3,0.03196753257757135,-5.651928025251357e-05,5.651928025251357e-05,-0.0018248476770956756,0.0018248476770956756,False,14000,4000,-0.9913325366611108,0.9941825786086689,30,139.68
0,s061,0.03328608942900312,3,0.033360886449526686,7.479702052356346e-05,7.479702052356346e-05,0.00232194995952284,0.00232194995952284,False,14000,4000,-0.9913325366611108,0.9941825786086689,30,139.68
0,s062,0.03459608512003892,3,0.032324827712094543,-0.0022712574079443784,0.0022712574079443784,-0.07025482080009171,0.07025482080009171,False,14000,4000,-0.9913325366611108,0.9941825786086689,30,139.68
0,s063,0.035955718992015134,3,0.03213290433014264,-0.003822814661872495,0.003822814661872495,-0.11636514299109724,0.11636514299109724,False,14000,4000,-0.9913325366611108,0.9941825786086689,30,139.68
0,s064,0.03736671857708186,3,0.0370233295607422,-0.0003433890163396583,0.0003433890163396583,-0.009588842816964593,0.009588842816964593,False,14000,4000,-0.9913325366611108,0.9941825786086689,30,139.68
0,s065,0.038830859286165725,3,0.03694979032189277,-0.0018810689642729528,0.0018810689642729528,-0.051610451069991736,0.051610451069991736,False,14000,4000,-0.9913325366611108,0.9941825786086689,30,139.68
0,s066,0.040349964731812786,4,0.035215832278800666,-0.0051341324530121205,0.0051341324530121205,-0.14143050305583937,0.14143050305583937,False,14000,4000,-0.9913325366611108,0.9941825786086689,30,139.68
0,s067,0.041925906957109675,4,0.03936714417790192,-0.002558762779207753,0.002558762779207753,-0.06563955174627667,0.06563955174627667,False,14000,4000,-0.9913325366611108,0.9941825786086689,30,139.68
0,s068,0.043560606561092834,4,0.04215603515818916,-0.001404571402903676,0.001404571402903676,-0.034242830350271536,0.034242830350271536,False,14000,4000,-0.9913325366611108,0.9941825786086689,30,139.68
0,s069,0.045256032710512886,4,0.04682036955888605,0.0015643368483731629,0.0015643368483731629,0.03562220650671932,0.03562220650671932,False,14000,4000,-0.9913325366611108,0.9941825786086689,30,139.68
0,s070,0.04701420302727336,4,0.04643113763956143,-0.0005830653877119327,0.0005830653877119327,-0.01309108714534668,0.01309108714534668,False,14000,4000,-0.9913325366611108,0.9941825786086689,30,139.68
0,s071,0.04883718334031575,4,0.051726984477176885,0.002889801136861138,0.002889801136861138,0.060530414181187986,0.060530414181187986,False,14000,4000,-0.9913325366611108,0.9941825786086689,30,139.68
0,s072,0.050727087290178156,4,0.050763265830832856,3.617854065469939e-05,3.617854065469939e-05,0.0007510580088792018,0.0007510580088792018,True,14000,4000,-0.9913325366611108,0.9941825786086689,30,139.68
0,s073,0.052686075773919656,4,0.0507375823786587,-0.0019484933952609584,0.0019484933952609584,-0.0397390469388017,0.0397390469388017,False,14000,4000,-0.9913325366611108,0.9941825786086689,30,139.68
0,s074,0.054716356217579865,4,0.05385188326373521,-0.0008644729538446541,0.0008644729538446541,-0.016839399906144248,0.016839399906144248,False,14000,4000,-0.9913325366611108,0.9941825786086689,30,139.68
0,s075,0.056820181662841966,4,0.059028509749435,0.002208328086593034,0.002208328086593034,0.04047307984605775,0.04047307984605775,True,14000,4000,-0.9913325366611108,0.9941825786086689,30,139.68
0,s076,0.058999849654091704,4,0.0597719275411901,0.0007720778870983977,0.0007720778870983977,0.013822039206715875,0.013822039206715875,False,14000,4000,-0.9913325366611108,0.9941825786086689,30,139.68
0,s077,0.06125770091162484,4,0.05276504326895548,-0.008492657642669363,0.008492657642669363,-0.15824682764145503,0.15824682764145503,False,14000,4000,-0.9913325366611108,0.9941825786086689,30,139.68
0,s078,0.06359611777635625,4,0.06085136032364669,-0.002744757452709558,0.002744757452709558,-0.047045133571760545,0.047045133571760545,True,14000,4000,-0.9913325366611108,0.9941825786086689,30,139.68
0,s079,0.06601752241103867,4,0.06649780509413139,0.0004802826830927198,0.0004802826830927198,0.0077631063450240845,0.0077631063450240845,False,14000,4000,-0.9913325366611108,0.9941825786086689,30,139.68
0,s080,0.06852437474271375,4,0.06539750976595185,-0.0031268649767619006,0.0031268649767619006,-0.05005660911967258,0.05005660911967258,False,14000,4000,-0.9913325366611108,0.9941825786086689,30,139.68
0,s081,0.07111917013090666,4,0.06838767216917914,-0.0027314979617275165,0.0027314979617275165,-0.04210066378356192,0.04210066378356192,False,14000,4000,-0.9913325366611108,0.9941825786086689,30,139.68
0,s082,0.0738044367459469,4,0.07501910647780231,0.0012146697318554112,0.0012146697318554112,0.01763630794154114,0.01763630794154114,True,14000,4000,-0.9913325366611108,0.9941825786086689,30,139.68
0,s083,0.07658273264176745,4,0.08030168215066867,0.003718949508901226,0.003718949508901226,0.051454448928545116,0.051454448928545116,False,14000,4000,-0.9913325366611108,0.9941825786086689,30,139.68
0,s084,0.07945664250761232,4,0.07752423610095081,-0.0019324064066615076,0.0019324064066615076,-0.026717885970060973,0.026717885970060973,False,14000,4000,-0.9913325366611108,0.9941825786086689,30,139.68
0,s085,0.08242877408328451,4,0.0899549845799721,0.007526210496687585,0.007526210496687585,0.09561093943069388,0.09561093943069388,True,14000,4000,-0.9913325366611108,0.9941825786086689,30,139.68
0,s086,0.0855017542229072,4,0.07791607786832483,-0.007585676354582377,0.007585676354582377,-0.10116526190903752,0.10116526190903752,False,14000,4000,-0.9913325366611108,0.9941825786086689,30,139.68
0,s087,0.08867822459266315,4,0.08567450813959776,-0.0030037164530653943,0.0030037164530653943,-0.037749617393994406,0.037749617393994406,False,14000,4000,-0.9913325366611108,0.9941825786086689,30,139.68
0,s088,0.09196083698864001,5,0.08954252153038757,-0.00241831545825244,0.00241831545825244,-0.02930887619886713,0.02930887619886713,True,14000,4000,-0.9913325366611108,0.9941825786086689,30,139.68
0,s089,0.0953522482617553,5,0.09862665186308454,0.0032744036013292455,0.0032744036013292455,0.03738971784500711,0.03738971784500711,False,14000,4000,-0.9913325366611108,0.9941825786086689,30,139.68
0,s090,0.09885511483778142,5,0.10873359173789528,0.009878476900113856,0.009878476900113856,0.10626815387974409,0.10626815387974409,False,14000,4000,-0.9913325366611108,0.9941825786086689,30,139.68
0,s091,0.10247208682175271,5,0.0994351169359172,-0.0030369698858355165,0.0030369698858355165,-0.033463090808745655,0.033463090808745655,True,14000,4000,-0.9913325366611108,0.9941825786086689,30,139.68
0,s092,0.10620580167753102,5,0.11405298295700787,0.007847181279476853,0.007847181279476853,0.0801027629730795,0.0801027629730795,False,14000,4000,-0.9913325366611108,0.9941825786086689,30,139.68
0,s093,0.11005887747504482,5,0.10209054818317394,-0.007968329291870885,0.007968329291870885,-0.08406924957756035,0.08406924957756035,False,14000,4000,-0.9913325366611108,0.9941825786086689,30,139.68
0,s094,0.11403390569971644,5,0.11006195628134365,-0.003971949418372797,0.003971949418372797,-0.03992554135379711,0.03992554135379711,False,14000,4000,-0.9913325366611108,0.9941825786086689,30,139.68
0,s095,0.11813344362086155,5,0.11618035312672653,-0.0019530904941350152,0.0019530904941350152,-0.018883386119023626,0.018883386119023626,True,14000,4000,-0.9913325366611108,0.9941825786086689,30,139.68
0,s096,0.12236000621839906,5,0.11980120306581336,-0.0025588031525856925,0.0025588031525856925,-0.024045150064778475,0.024045150064778475,False,14000,4000,-0.9913325366611108,0.9941825786086689,30,139.68
0,s097,0.12671605767005187,5,0.11645623553693504,-0.010259822133116825,0.010259822133116825,-0.09611334918147407,0.09611334918147407,False,14000,4000,-0.9913325366611108,0.9941825786086689,30,139.68
0,s098,0.13120400240435995,5,0.13555017377737807,0.004346171373018126,0.004346171373018126,0.037603552610983915,0.037603552610983915,True,14000,4000,-0.9913325366611108,0.9941825786086689,30,139.68
0,s099,0.13582617572826564,5,0.1454811805369361,0.009655004808670459,0.009655004808670459,0.0799061940659489,0.0799061940659489,False,14000,4000,-0.9913325366611108,0.9941825786086689,30,139.68
0,s100,0.1405848340417669,5,0.13550100130798767,-0.005083832733779214,0.005083832733779214,-0.042730106088407105,0.042730106088407105,False,14000,4000,-0.9913325366611108,0.9941825786086689,30,139.68
0,s101,0.14548214465616557,5,0.14656211929794077,0.0010799746417751999,0.0010799746417751999,0.008660639406499193,0.008660639406499193,True,14000,4000,-0.9913325366611108,0.9941825786086689,30,139.68
0,s102,0.15052017523674813,5,0.16027251015024405,0.00975233491349592,0.00975233491349592,0.07432519388829495,0.07432519388829495,False,14000,4000,-0.9913325366611108,0.9941825786086689,30,139.68
0,s103,0.15570088289531697,5,0.15386701186078344,-0.0018338710345335296,0.0018338710345335296,-0.014017787000246917,0.014017787000246917,False,14000,4000,-0.9913325366611108,0.9941825786086689,30,139.68
0,s104,0.16102610296281702,5,0.15777639832459464,-0.0032497046382223838,0.0032497046382223838,-0.02425359702151364,0.02425359702151364,True,14000,4000,-0.9913325366611108,0.9941825786086689,30,139.68
0,s105,0.16649753747734905,5,0.16826241902880923,0.001764881551460179,0.001764881551460179,0.012663932404854528,0.012663932404854528,False,14000,4000,-0.9913325366611108,0.9941825786086689,30,139.68
0,s106,0.1721167434280912,5,0.18328459263777036,0.01116784920967917,0.01116784920967917,0.07644856283046808,0.07644856283046808,False,14000,4000,-0.9913325366611108,0.9941825786086689,30,139.68
0,s107,0.17788512080103414,5,0.18095033268289118,0.003065211881857044,0.003065211881857044,0.020820050500716558,0.020820050500716558,False,14000,4000,-0.9913325366611108,0.9941825786086689,30,139.68
0,s108,0.18380390047790426,5,0.181071045100141,-0.0027328553777632714,0.0027328553777632714,-0.018322652197161338,0.018322652197161338,True,14000,4000,-0.9913325366611108,0.9941825786086689,30,139.68
0,s109,0.1898741320451758,5,0.18624838621130024,-0.0036257458338755655,0.0036257458338755655,-0.023745745670178398,0.023745745670178398,False,14000,4000,-0.9913325366611108,0.9941825786086689,30,139.68
0,s110,0.196096671575569,6,0.1933465641652273,-0.0027501074103417067,0.0027501074103417067,-0.017538616911247917,0.017538616911247917,False,14000,4000,-0.9913325366611108,0.9941825786086689,30,139.68
0,s111,0.20247216944984456,6,0.1908370920324315,-0.01163507741741307,0.01163507741741307,-0.07366583452653575,0.07366583452653575,True,14000,4000,-0.9913325366611108,0.9941825786086689,30,139.68
0,s112,0.2090010582919537,6,0.21881997244808132,0.009818914156127623,0.009818914156127623,0.05840103013179321,0.05840103013179321,False,14000,4000,-0.9913325366611108,0.9941825786086689,30,139.68
0,s113,0.2156835410956039,6,0.22982462865349218,0.014141087557888288,0.014141087557888288,0.08169862965322117,0.08169862965322117,False,14000,4000,-0.9913325366611108,0.9941825786086689,30,139.68
0,s114,0.2225195796249631,6,0.22312629531069236,0.0006067156857292588,0.0006067156857292588,0.0035035277920612007,0.0035035277920612007,True,14000,4000,-0.9913325366611108,0.9941825786086689,30,139.68
0,s115,0.22950888317647256,6,0.22159096380133853,-0.00791791937513403,0.00791791937513403,-0.04533257233071941,0.04533257233071941,False,14000,4000,-0.9913325366611108,0.9941825786086689,30,139.68
0,s116,0.23665089779244333,6,0.2346688362148836,-0.0019820615775597294,0.0019820615775597294,-0.011003905831499905,0.011003905831499905,False,14000,4000,-0.9913325366611108,0.9941825786086689,30,139.68
0,s117,0.2439447960202194,6,0.23255980227326564,-0.011384993746953759,0.011384993746953759,-0.06274071134819414,0.06274071134819414,True,14000,4000,-0.9913325366611108,0.9941825786086689,30,139.68
0,s118,0.25138946731305806,6,0.24529690807802232,-0.006092559235035738,0.006092559235035738,-0.03263960357304474,0.03263960357304474,False,14000,4000,-0.9913325366611108,0.9941825786086689,30,139.68
0,s119,0.2589835091704415,6,0.27558698146223415,0.016603472291792654,0.016603472291792654,0.08480009498795915,0.08480009498795915,False,14000,4000,-0.9913325366611108,0.9941825786086689,30,139.68
0,s120,0.266725219116192,6,0.27389504281471927,0.007169823698527256,0.007169823698527256,0.0363519207394708,0.0363519207394708,False,14000,4000,-0.9913325366611108,0.9941825786086689,30,139.68
0,s121,0.2746125876124096,6,0.27804126637806703,0.0034286787656574447,0.0034286787656574447,0.017146103224987774,0.017146103224987774,True,14000,4000,-0.9913325366611108,0.9941825786086689,30,139.68
0,s122,0.28264329200584415,6,0.27411502657993675,-0.0085282654259074,0.0085282654259074,-0.04245617287842063,0.04245617287842063,False,14000,4000,-0.9913325366611108,0.9941825786086689,30,139.68
0,s123,0.2908146916007447,6,0.2985935148029888,0.007778823202244101,0.007778823202244101,0.0374261749958239,0.0374261749958239,False,14000,4000,-0.9913325366611108,0.9941825786086689,30,139.68
0,s124,0.2991238239484663,6,0.2971212171133636,-0.002002606835102727,0.002002606835102727,-0.009570636814398514,0.009570636814398514,True,14000,4000,-0.9913325366611108,0.9941825786086689,30,139.68
0,s125,0.3075674024391195,6,0.29778193887049625,-0.009785463568623254,0.009785463568623254,-0.04636587115899504,0.04636587115899504,False,14000,4000,-0.9913325366611108,0.9941825786086689,30,139.68
0,s126,0.3161418152742729,6,0.3160840895283383,-5.7725745934600337e-05,5.7725745934600337e-05,-0.00026701944260498767,0.00026701944260498767,False,14000,4000,-0.9913325366611108,0.9941825786086689,30,139.68
0,s127,0.32484312589218756,6,0.32899398842267685,0.0041508625304892965,0.0041508625304892965,0.018864075984692197,0.018864075984692197,True,14000,4000,-0.9913325366611108,0.9941825786086689,30,139.68
0,s128,0.33366707490828174,6,0.33373763812615753,7.056321787579645e-05,7.056321787579645e-05,0.00031735900656015836,0.00031735900656015836,False,14000,4000,-0.9913325366611108,0.9941825786086689,30,139.68
0,s129,0.3426090836235193,6,0.34330563454914104,0.0006965509256217639,0.0006965509256217639,0.0030911444769925467,0.0030911444769925467,False,14000,4000,-0.9913325366611108,0.9941825786086689,30,139.68
0,s130,0.35166425914228194,6,0.34711312841644704,-0.0045511307258349065,0.0045511307258349065,-0.020021355227986426,0.020021355227986426,True,14000,4000,-0.9913325366611108,0.9941825786086689,30,139.68
0,s131,0.36082740112907974,6,0.37625531042555627,0.015427909296476527,0.015427909296476527,0.06630159162990623,0.06630159162990623,False,14000,4000,-0.9913325366611108,0.9941825786086689,30,139.68
0,s132,0.37009301022029967,7,0.3738639775010334,0.003770967280733728,0.003770967280733728,0.016142219100645727,0.016142219100645727,False,14000,4000,-0.9913325366611108,0.9941825786086689,30,139.68
0,s133,0.3794552980932421,7,0.36910063218358896,-0.010354665909653116,0.010354665909653116,-0.044216201047594994,0.044216201047594994,False,14000,4000,-0.9913325366611108,0.9941825786086689,30,139.68
0,s134,0.38890819918006136,7,0.37108398084829264,-0.017824218331768726,0.017824218331768726,-0.07566546167695687,0.07566546167695687,True,14000,4000,-0.9913325366611108,0.9941825786086689,30,139.68
0,s135,0.3984453839991461,7,0.39434691987293563,-0.004098464126210455,0.004098464126210455,-0.01712942185600691,0.01712942185600691,False,14000,4000,-0.9913325366611108,0.9941825786086689,30,139.68
0,s136,0.4080602740610831,7,0.40555978802875864,-0.002500486032324445,0.002500486032324445,-0.01036191568569178,0.01036191568569178,False,14000,4000,-0.9913325366611108,0.9941825786086689,30,139.68
0,s137,0.41774605829090244,7,0.43752460403694177,0.019778545746039322,0.019778545746039322,0.08081849607125596,0.08081849607125596,True,14000,4000,-0.9913325366611108,0.9941825786086689,30,139.68
0,s138,0.4274957108929925,7,0.42304684650862767,-0.004448864384364815,0.004448864384364815,-0.01820218029822651,0.01820218029822651,False,14000,4000,-0.9913325366611108,0.9941825786086689,30,139.68
0,s139,0.43730201057013934,7,0.4290263622863004,-0.008275648283838921,0.008275648283838921,-0.03370567511451811,0.03370567511451811,False,14000,4000,-0.9913325366611108,0.9941825786086689,30,139.68
0,s140,0.44715756099380843,7,0.4562004386269946,0.009042877633186175,0.009042877633186175,0.0365135682796173,0.0365135682796173,True,14000,4000,-0.9913325366611108,0.9941825786086689,30,139.68
0,s141,0.4570548124092937,7,0.45671877800541805,-0.0003360344038756402,0.0003360344038756402,-0.0013542061824501628,0.0013542061824501628,False,14000,4000,-0.9913325366611108,0.9941825786086689,30,139.68
0,s142,0.4669860842468815,7,0.488726286708402,0.02174020246152053,0.02174020246152053,0.08714557577251625,0.08714557577251625,False,14000,4000,-0.9913325366611108,0.9941825786086689,30,139.68
0,s143,0.4769435885989931,7,0.4793684818053372,0.002424893206344092,0.002424893206344092,0.0097181404037886,0.0097181404037886,True,14000,4000,-0.9913325366611108,0.9941825786086689,30,139.68
0,s144,0.4869194544134851,7,0.48426593895687353,-0.002653515456611577,0.002653515456611577,-0.010622906845455839,0.010622906845455839,False,14000,4000,-0.9913325366611108,0.9941825786086689,30,139.68
0,s145,0.4969057522451395,7,0.5047517397269455,0.007845987481806038,0.007845987481806038,0.03138468017597785,0.03138468017597785,False,14000,4000,-0.9913325366611108,0.9941825786086689,30,139.68
0,s146,0.5068945194009683,7,0.4962485173111767,-0.010646002089791606,0.010646002089791606,-0.042586038028257764,0.042586038028257764,False,14000,4000,-0.9913325366611108,0.9941825786086689,30,139.68
0,s147,0.5168777853104009,7,0.5337964613885857,0.01691867607818487,0.01691867607818487,0.06785549056556998,0.06785549056556998,True,14000,4000,-0.9913325366611108,0.9941825786086689,30,139.68
0,s148,0.5268475969488259,7,0.5078966403706968,-0.018950956578129063,0.018950956578129063,-0.07590458702645997,0.07590458702645997,False,14000,4000,-0.9913325366611108,0.9941825786086689,30,139.68
0,s149,0.5367960441423357,7,0.5386238024177515,0.001827758275415814,0.001827758275415814,0.007352865703928846,0.007352865703928846,False,14000,4000,-0.9913325366611108,0.9941825786086689,30,139.68
0,s150,0.5467152845828964,7,0.5312528961766838,-0.015462388406212613,0.015462388406212613,-0.062232951405716774,0.062232951405716774,True,14000,4000,-0.9913325366611108,0.9941825786086689,30,139.68
0,s151,0.5565975683865267,7,0.5532010879545617,-0.0033964804319650543,0.0033964804319650543,-0.013751764960475671,0.013751764960475671,False,14000,4000,-0.9913325366611108,0.9941825786086689,30,139.68
0,s152,0.5664352620323304,7,0.5702698659066303,0.0038346038742999022,0.0038346038742999022,0.015630607298850685,0.015630607298850685,False,14000,4000,-0.9913325366611108,0.9941825786086689,30,139.68
0,s153,0.5762208715273128,7,0.5750542656863935,-0.0011666058409193214,0.0011666058409193214,-0.0047757139698678674,0.0047757139698678674,True,14000,4000,-0.9913325366611108,0.9941825786086689,30,139.68
0,s154,0.5859470646507111,8,0.5659609024263216,-0.019986162224389536,0.019986162224389536,-0.08184524110828567,0.08184524110828567,False,14000,4000,-0.9913325366611108,0.9941825786086689,30,139.68
0,s155,0.5956066921418848,8,0.6058505403171672,0.010243848175282455,0.010243848175282455,0.04271054781947348,0.04271054781947348,False,14000,4000,-0.9913325366611108,0.9941825786086689,30,139.68
0,s156,0.6051928077075361,8,0.5970909001695499,-0.00810190753798623,0.00810190753798623,-0.0337911871112862,0.0337911871112862,True,14000,4000,-0.9913325366611108,0.9941825786086689,30,139.68
0,s157,0.6146986867369012,8,0.6027953785830682,-0.011903308153833003,0.011903308153833003,-0.04998031438977085,0.04998031438977085,False,14000,4000,-0.9913325366611108,0.9941825786086689,30,139.68
0,s158,0.6241178436273987,8,0.6019237808609056,-0.02219406276649316,0.02219406276649316,-0.09357618704001142,0.09357618704001142,False,14000,4000,-0.9913325366611108,0.9941825786086689,30,139.68
0,s159,0.6334440476378188,8,0.633976183907337,0.0005321362695182019,0.0005321362695182019,0.002292489492389471,0.002292489492389471,False,14000,4000,-0.9913325366611108,0.9941825786086689,30,139.68
0,s160,0.6426713372012294,8,0.6363012072431418,-0.006370129958087611,0.006370129958087611,-0.027631456680520805,0.027631456680520805,True,14000,4000,-0.9913325366611108,0.9941825786086689,30,139.68
0,s161,0.6517940326451706,8,0.6537528951582406,0.001958862513070092,0.001958862513070092,0.008642301651728523,0.008642301651728523,False,14000,4000,-0.9913325366611108,0.9941825786086689,30,139.68
0,s162,0.6608067472821613,8,0.6285778832252775,-0.032228864056883744,0.032228864056883744,-0.14077067828772838,0.14077067828772838,False,14000,4000,-0.9913325366611108,0.9941825786086689,30,139.68
0,s163,0.669704396848828,8,0.6482085845628026,-0.021495812286025373,0.021495812286025373,-0.0956742915340294,0.0956742915340294,True,14000,4000,-0.9913325366611108,0.9941825786086689,30,139.68
0,s164,0.6784822072869149,8,0.6613279641488644,-0.017154243138050473,0.017154243138050473,-0.07758768319363119,0.07758768319363119,False,14000,4000,-0.9913325366611108,0.9941825786086689,30,139.68
0,s165,0.6871357208738129,8,0.6770883389152752,-0.010047381958537716,0.010047381958537716,-0.04633938556059791,0.04633938556059791,False,14000,4000,-0.9913325366611108,0.9941825786086689,30,139.68
0,s166,0.6956608007239171,8,0.6872008584171286,-0.008459942306788482,0.008459942306788482,-0.03965396433169299,0.03965396433169299,True,14000,4000,-0.9913325366611108,0.9941825786086689,30,139.68
0,s167,0.7040536336949332,8,0.711068937344548,0.007015303649614779,0.007015303649614779,0.03390496676918309,0.03390496676918309,False,14000,4000,-0.9913325366611108,0.9941825786086689,30,139.68
0,s168,0.7123107317450525,8,0.7157796438348836,0.003468912089831022,0.003468912089831022,0.016989251094688962,0.016989251094688962,False,14000,4000,-0.9913325366611108,0.9941825786086689,30,139.68
0,s169,0.7204289317976406,8,0.7275509479114188,0.007122016113778273,0.007122016113778273,0.03564215237470192,0.03564215237470192,False,14000,4000,-0.9913325366611108,0.9941825786086689,30,139.68
0,s170,0.7284053941796221,8,0.7260513684524934,-0.002354025727128728,0.002354025727128728,-0.011867063549143353,0.011867063549143353,False,14000,4000,-0.9913325366611108,0.9941825786086689,30,139.68
0,s171,0.7362375997080531,8,0.7220493624462274,-0.01418823726182572,0.01418823726182572,-0.0718542228855813,0.0718542228855813,False,14000,4000,-0.9913325366611108,0.9941825786086689,30,139.68
0,s172,0.7439233455064309,8,0.7342718277570867,-0.009651517749344252,0.009651517749344252,-0.050055747832857156,0.050055747832857156,False,14000,4000,-0.9913325366611108,0.9941825786086689,30,139.68
0,s173,0.7514607396380755,8,0.753413035954581,0.0019522963165055085,0.0019522963165055085,0.01048072863754923,0.01048072863754923,False,14000,4000,-0.9913325366611108,0.9941825786086689,30,139.68
0,s174,0.758848194648434,8,0.740700928760785,-0.018147265887649033,0.018147265887649033,-0.09676028925159752,0.09676028925159752,False,14000,4000,-0.9913325366611108,0.9941825786086689,30,139.68
0,s175,0.7660844201114761,8,0.7440007842685761,-0.022083635842900073,0.022083635842900073,-0.11946438410212457,0.11946438410212457,False,14000,4000,-0.9913325366611108,0.9941825786086689,30,139.68
0,s176,0.7731684142774475,9,0.7671430805217349,-0.006025333755712681,0.006025333755712681,-0.03403992265743572,0.03403992265743572,False,14000,4000,-0.9913325366611108,0.9941825786086689,30,139.68
0,s177,0.7800994549202689,9,0.7633925036334479,-0.01670695128682098,0.01670695128682098,-0.09487635574655107,0.09487635574655107,False,14000,4000,-0.9913325366611108,0.9941825786086689,30,139.68
0,s178,0.7868770894828065,9,0.7998268950512406,0.012949805568434059,0.012949805568434059,0.07900978987766893,0.07900978987766893,False,14000,4000,-0.9913325366611108,0.9941825786086689,30,139.68
0,s179,0.7935011246172398,9,0.7862469554816726,-0.007254169135567201,0.007254169135567201,-0.043710406224783505,0.043710406224783505,False,14000,4000,-0.9913325366611108,0.9941825786086689,30,139.68
0,s180,0.7999716152158658,9,0.8010061085409631,0.0010344933250973076,0.0010344933250973076,0.006477479455360591,0.006477479455360591,False,14000,4000,-0.9913325366611108,0.9941825786086689,30,139.68
0,s181,0.806288853025021,9,0.8002930056797025,-0.005995847345318439,0.005995847345318439,-0.037947286599469,0.037947286599469,False,14000,4000,-0.9913325366611108,0.9941825786086689,30,139.68
0,s182,0.812453354931451,9,0.8163283489689553,0.0038749940375043535,0.0038749940375043535,0.025636089182872412,0.025636089182872412,False,14000,4000,-0.9913325366611108,0.9941825786086689,30,139.68
0,s183,0.8184658510065435,9,0.828118651672959,0.009652800666415495,0.009652800666415495,0.06636415000543106,0.06636415000543106,False,14000,4000,-0.9913325366611108,0.9941825786086689,30,139.68
0,s184,0.8243272723894133,9,0.8250385774406122,0.0007113050511988739,0.0007113050511988739,0.004919774189784176,0.004919774189784176,False,14000,4000,-0.9913325366611108,0.9941825786086689,30,139.68
0,s185,0.8300387390850342,9,0.8191610777148756,-0.010877661370158664,0.010877661370158664,-0.07522780149967234,0.07522780149967234,False,14000,4000,-0.9913325366611108,0.9941825786086689,30,139.68
0,s186,0.8356015477485063,9,0.8391446186119673,0.003543070863461062,0.003543070863461062,0.02601853887251515,0.02601853887251515,False,14000,4000,-0.9913325366611108,0.9941825786086689,30,139.68
0,s187,0.8410171595212175,9,0.8301056702129664,-0.010911489308251032,0.010911489308251032,-0.07943943669573739,0.07943943669573739,False,14000,4000,-0.9913325366611108,0.9941825786086689,30,139.68
0,s188,0.846287187979221,9,0.8408262368410648,-0.005460951138156145,0.005460951138156145,-0.041384195160927284,0.041384195160927284,False,14000,4000,-0.9913325366611108,0.9941825786086689,30,139.68
0,s189,0.8514133872486177,9,0.8504905438860683,-0.0009228433625494414,0.0009228433625494414,-0.0072760869617951585,0.0072760869617951585,False,14000,4000,-0.9913325366611108,0.9941825786086689,30,139.68
0,s190,0.8563976403372343,9,0.8520331113056809,-0.004364529031553377,0.004364529031553377,-0.03504984729935501,0.03504984729935501,False,14000,4000,-0.9913325366611108,0.9941825786086689,30,139.68
0,s191,0.8612419477264363,9,0.8692798883926486,0.008037940666212329,0.008037940666212329,0.06896298209379403,0.06896298209379403,False,14000,4000,-0.9913325366611108,0.9941825786086689,30,139.68
0,s192,0.8659484162615885,9,0.8779477126453922,0.011999296383803704,0.011999296383803704,0.10753683915186607,0.10753683915186607,False,14000,4000,-0.9913325366611108,0.9941825786086689,30,139.68
0,s193,0.8705192483745141,9,0.8578783798281244,-0.012640868546389683,0.012640868546389683,-0.10777846695518711,0.10777846695518711,False,14000,4000,-0.9913325366611108,0.9941825786086689,30,139.68
0,s194,0.874956731666327,9,0.8742215991046283,-0.0007351325616987703,0.0007351325616987703,-0.00670235765927063,0.00670235765927063,False,14000,4000,-0.9913325366611108,0.9941825786086689,30,139.68
0,s195,0.8792632288742867,9,0.8766738803718768,-0.002589348502409883,0.002589348502409883,-0.024168746966253485,0.024168746966253485,False,14000,4000,-0.9913325366611108,0.9941825786086689,30,139.68
0,s196,0.8834411682418403,9,0.8830544695793701,-0.00038669866247020845,0.00038669866247020845,-0.003749949724711321,0.003749949724711321,False,14000,4000,-0.9913325366611108,0.9941825786086689,30,139.68
0,s197,0.8874930343068086,9,0.8843825592410093,-0.003110475065799312,0.003110475065799312,-0.030782623779015417,0.030782623779015417,False,14000,4000,-0.9913325366611108,0.9941825786086689,30,139.68
0,s198,0.8914213591187581,10,0.8852074407247368,-0.0062139183940213005,0.0062139183940213005,-0.06264716362413969,0.06264716362413969,False,14000,4000,-0.9913325366611108,0.9941825786086689,30,139.68
0,s199,0.8952287138929744,10,0.8962354362798395,0.0010067223868650554,0.0010067223868650554,0.010779134637506349,0.010779134637506349,False,14000,4000,-0.9913325366611108,0.9941825786086689,30,139.68
0,s200,0.8989177011051278,10,0.8941808978739266,-0.004736803231201181,0.004736803231201181,-0.05107941096935331,0.05107941096935331,False,14000,4000,-0.9913325366611108,0.9941825786086689,30,139.68
0,s201,0.9024909470276966,10,0.9067446436099769,0.004253696582280253,0.004253696582280253,0.049305938380193925,0.049305938380193925,False,14000,4000,-0.9913325366611108,0.9941825786086689,30,139.68
0,s202,0.9059510947064783,10,0.9034937523458993,-0.002457342360578929,0.002457342360578929,-0.02850896289321092,0.02850896289321092,False,14000,4000,-0.9913325366611108,0.9941825786086689,30,139.68
0,s203,0.9093007973730814,10,0.9090103328627183,-0.00029046451036318643,0.00029046451036318643,-0.0035168746109208726,0.0035168746109208726,False,14000,4000,-0.9913325366611108,0.9941825786086689,30,139.68
0,s204,0.9125427122871137,10,0.9102286707486581,-0.0023140415384556023,0.0023140415384556023,-0.028654155065468867,0.028654155065468867,False,14000,4000,-0.9913325366611108,0.9941825786086689,30,139.68
0,s205,0.9156794949998952,10,0.9166323321909153,0.0009528371910201283,0.0009528371910201283,0.012404554158210956,0.012404554158210956,False,14000,4000,-0.9913325366611108,0.9941825786086689,30,139.68
0,s206,0.9187137940298755,10,0.9175826357439196,-0.001131158285955891,0.001131158285955891,-0.015051811896479528,0.015051811896479528,False,14000,4000,-0.9913325366611108,0.9941825786086689,30,139.68
0,s207,0.9216482459385276,10,0.9273295764506244,0.005681330512096849,0.005681330512096849,0.08141927682348227,0.08141927682348227,False,14000,4000,-0.9913325366611108,0.9941825786086689,30,139.68
0,s208,0.9244854707943204,10,0.9228204312344682,-0.0016650395598521994,0.0016650395598521994,-0.02361235958182606,0.02361235958182606,False,14000,4000,-0.9913325366611108,0.9941825786086689,30,139.68
0,s209,0.9272280680113949,10,0.9265266695338448,-0.0007013984775501303,0.0007013984775501303,-0.010348891124540405,0.010348891124540405,False,14000,4000,-0.9913325366611108,0.9941825786086689,30,139.68
0,s210,0.9298786125488007,10,0.9258019579396604,-0.004076654609140307,0.004076654609140307,-0.06090362585959719,0.06090362585959719,False,14000,4000,-0.9913325366611108,0.9941825786086689,30,139.68
0,s211,0.9324396514555521,10,0.9350662849943303,0.0026266335387782336,0.0026266335387782336,0.04246725786012373,0.04246725786012373,False,14000,4000,-0.9913325366611108,0.9941825786086689,30,139.68
0,s212,0.9349137007463278,10,0.9284878262659347,-0.006425874480393112,0.006425874480393112,-0.10105058392817767,0.10105058392817767,False,14000,4000,-0.9913325366611108,0.9941825786086689,30,139.68
0,s213,0.9373032425923566,10,0.9330586907648876,-0.0042445518274690786,0.0042445518274690786,-0.0700452805665921,0.0700452805665921,False,14000,4000,-0.9913325366611108,0.9941825786086689,30,139.68
0,s214,0.9396107228118719,10,0.9477837747725157,0.008173051960643885,0.008173051960643885,0.15407901021230774,0.15407901021230774,False,14000,4000,-0.9913325366611108,0.9941825786086689,30,139.68
0,s215,0.9418385486444908,10,0.9343799460254244,-0.00745860261906639,0.00745860261906639,-0.12860928044007736,0.12860928044007736,False,14000,4000,-0.9913325366611108,0.9941825786086689,30,139.68
0,s216,0.9439890867939358,10,0.9436624940307017,-0.00032659276323410147,0.00032659276323410147,-0.006159974315894434,0.006159974315894434,False,14000,4000,-0.9913325366611108,0.9941825786086689,30,139.68
0,s217,0.9460646617236812,10,0.9435698120362173,-0.0024948496874639403,0.0024948496874639403,-0.047858937960272296,0.047858937960272296,False,14000,4000,-0.9913325366611108,0.9941825786086689,30,139.68
0,s218,0.9480675541903518,10,0.9475217835658952,-0.0005457706244565985,0.0005457706244565985,-0.011030235625651308,0.011030235625651308,False,14000,4000,-0.9913325366611108,0.9941825786086689,30,139.68
0,s219,0.9499999999999998,10,0.9449817618117939,-0.0050182381882059035,0.0050182381882059035,-0.1009380852151267,0.1009380852151267,False,14000,4000,-0.9913325366611108,0.9941825786086689,30,139.68
1,s000,0.0030000000000000014,1,0.0030934203207463214,9.342032074632e-05,9.342032074632e-05,0.03075879581270069,0.03075879581270069,False,14000,4000,-0.991337115054306,0.9957664594779573,30,32.74
1,s001,0.0031219161778481435,1,0.00328012202284024,0.0001582058449920965,0.0001582058449920965,0.04959236481173335,0.04959236481173335,False,14000,4000,-0.991337115054306,0.9957664594779573,30,32.74
1,s002,0.0032487707293095565,1,0.003137486946559419,-0.00011128378275013749,0.00011128378275013749,-0.034966183930933425,0.034966183930933425,False,14000,4000,-0.991337115054306,0.9957664594779573,30,32.74
1,s003,0.0033807623512267402,1,0.0031346742149000505,-0.00024608813632668973,0.00024608813632668973,-0.07582287421389822,0.07582287421389822,False,14000,4000,-0.991337115054306,0.9957664594779573,30,32.74
1,s004,0.0035180976241367796,1,0.003800632956573325,0.0002825353324365453,0.0002825353324365453,0.07753079758534742,0.07753079758534742,False,14000,4000,-0.991337115054306,0.9957664594779573,30,32.74
1,s005,0.0036609913158666702,1,0.0035901616379316356,-7.082967793503462e-05,7.082967793503462e-05,-0.019607823500068733,0.019607823500068733,False,14000,4000,-0.991337115054306,0.9957664594779573,30,32.74
1,s006,0.003809666696051363,1,0.003912732131845566,0.00010306543579420308,0.00010306543579420308,0.02679764590350242,0.02679764590350242,False,14000,4000,-0.991337115054306,0.9957664594779573,30,32.74
1,s007,0.003964355861902294,1,0.003926180474457174,-3.8175387445119925e-05,3.8175387445119925e-05,-0.009714648631711675,0.009714648631711675,False,14000,4000,-0.991337115054306,0.9957664594779573,30,32.74
1,s008,0.004125300075558041,1,0.004290617967300199,0.0001653178917421583,0.0001653178917421583,0.0394580246397247,0.0394580246397247,False,14000,4000,-0.991337115054306,0.9957664594779573,30,32.74
1,s009,0.0042927501133521945,1,0.004534895533744552,0.00024214542039235724,0.00024214542039235724,0.05511768707344977,0.05511768707344977,False,14000,4000,-0.991337115054306,0.9957664594779573,30,32.74
1,s010,0.004466966627336397,1,0.0042782390527399215,-0.00018872757459647595,0.00018872757459647595,-0.043357639183042807,0.043357639183042807,False,14000,4000,-0.991337115054306,0.9957664594779573,30,32.74
1,s011,0.004648220519398493,1,0.004736741787148672,8.852126775017906e-05,8.852126775017906e-05,0.018953988924778287,0.018953988924778287,False,14000,4000,-0.991337115054306,0.9957664594779573,30,32.74
1,s012,0.004836793328316949,1,0.005185160902401514,0.0003483675740845651,0.0003483675740845651,0.06989902983363816,0.06989902983363816,False,14000,4000,-0.991337115054306,0.9957664594779573,30,32.74
1,s013,0.005032977630093196,1,0.004794885227980075,-0.00023809240211312022,0.00023809240211312022,-0.0487012790098289,0.0487012790098289,False,14000,4000,-0.991337115054306,0.9957664594779573,30,32.74
1,s014,0.005237077451902622,1,0.004929476990583249,-0.0003076004613193732,0.0003076004613193732,-0.06083988129957074,0.06083988129957074,False,14000,4000,-0.991337115054306,0.9957664594779573,30,32.74
1,s015,0.005449408700003343,1,0.005642649030881054,0.00019324033087771142,0.00019324033087771142,0.03504085221629083,0.03504085221629083,False,14000,4000,-0.991337115054306,0.9957664594779573,30,32.74
1,s016,0.005670299601938639,1,0.005802255131878913,0.0001319555299402744,0.0001319555299402744,0.023137418463190507,0.023137418463190507,False,14000,4000,-0.991337115054306,0.9957664594779573,30,32.74
1,s017,0.005900091163364447,1,0.006243957344957207,0.00034386618159276076,0.00034386618159276076,0.056992335959347606,0.056992335959347606,False,14000,4000,-0.991337115054306,0.9957664594779573,30,32.74
1,s018,0.006139137639827404,1,0.006649716836703624,0.0005105791968762199,0.0005105791968762199,0.08040385513974702,0.08040385513974702,False,14000,4000,-0.991337115054306,0.9957664594779573,30,32.74
1,s019,0.0063878070238109486,1,0.0067006380747549514,0.0003128310509440029,0.0003128310509440029,0.048126627951067036,0.048126627951067036,False,14000,4000,-0.991337115054306,0.9957664594779573,30,32.74
1,s020,0.006646481547357599,1,0.0062356860729698765,-0.00041079547438772207,0.00041079547438772207,-0.06421247378924111,0.06421247378924111,False,14000,4000,-0.991337115054306,0.9957664594779573,30,32.74
1,s021,0.006915558200563664,1,0.007332882353449053,0.00041732415288538854,0.00041732415288538854,0.059015299137461064,0.059015299137461064,False,14000,4000,-0.991337115054306,0.9957664594779573,30,32.74
1,s022,0.00719544926622873,2,0.007128658138552313,-6.679112767641639e-05,6.679112767641639e-05,-0.009393035426541907,0.009393035426541907,False,14000,4000,-0.991337115054306,0.9957664594779573,30,32.74
1,s023,0.007486582870925904,2,0.007952914121866233,0.0004663312509403288,0.0004663312509403288,0.06089590902102504,0.06089590902102504,False,14000,4000,-0.991337115054306,0.9957664594779573,30,32.74
1,s024,0.007789403552739643,2,0.007288073588468843,-0.0005013299642708004,0.0005013299642708004,-0.06703017215448348,0.06703017215448348,False,14000,4000,-0.991337115054306,0.9957664594779573,30,32.74
1,s025,0.008104372845895796,2,0.008796051413899844,0.0006916785680040477,0.0006916785680040477,0.08259671753307529,0.08259671753307529,False,14000,4000,-0.991337115054306,0.9957664594779573,30,32.74
1,s026,0.00843196988248352,2,0.008599165895897666,0.0001671960134141462,0.0001671960134141462,0.019803421736879656,0.019803421736879656,False,14000,4000,-0.991337115054306,0.9957664594779573,30,32.74
1,s027,0.008772692011439593,2,0.008225468289289394,-0.0005472237221501985,0.0005472237221501985,-0.06496040072000575,0.06496040072000575,False,14000,4000,-0.991337115054306,0.9957664594779573,30,32.74
1,s028,0.009127055434933494,2,0.009023409985993278,-0.00010364544894021603,0.00010364544894021603,-0.011525412055956252,0.011525412055956252,False,14000,4000,-0.991337115054306,0.9957664594779573,30,32.74
1,s029,0.00949559586225475,2,0.00954588001772819,5.028415547344081e-05,5.028415547344081e-05,0.005332319484185888,0.005332319484185888,False,14000,4000,-0.991337115054306,0.9957664594779573,30,32.74
1,s030,0.009878869181262996,2,0.009834292595295212,-4.457658596778401e-05,4.457658596778401e-05,-0.004567548220344442,0.004567548220344442,False,14000,4000,-0.991337115054306,0.9957664594779573,30,32.74
1,s031,0.010277452147415602,2,0.009721043816864476,-0.000556408330551126,0.000556408330551126,-0.05622141065776276,0.05622141065776276,False,14000,4000,-0.991337115054306,0.9957664594779573,30,32.74
1,s032,0.010691943090336442,2,0.009482165918706766,-0.0012097771716296762,0.0012097771716296762,-0.12129981777383758,0.12129981777383758,False,14000,4000,-0.991337115054306,0.9957664594779573,30,32.74
1,s033,0.0111229626378329,2,0.011987012713302464,0.0008640500754695645,0.0008640500754695645,0.07568626314566007,0.07568626314566007,False,14000,4000,-0.991337115054306,0.9957664594779573,30,32.74
1,s034,0.011571154457205883,2,0.011839348897854896,0.0002681944406490132,0.0002681944406490132,0.023184690662493068,0.023184690662493068,False,14000,4000,-0.991337115054306,0.9957664594779573,30,32.74
1,s035,0.012037186013628203,2,0.013323537236172621,0.0012863512225444185,0.0012863512225444185,0.10283436765985599,0.10283436765985599,False,14000,4000,-0.991337115054306,0.9957664594779573,30,32.74
1,s036,0.012521749345291306,2,0.0119301964946166,-0.0005915528506747064,0.0005915528506747064,-0.04899324806615901,0.04899324806615901,False,14000,4000,-0.991337115054306,0.9957664594779573,30,32.74
1,s037,0.013025561854936784,2,0.014354935631178388,0.001329373776241604,0.001329373776241604,0.09852793218010891,0.09852793218010891,False,14000,4000,-0.991337115054306,0.9957664594779573,30,32.74
1,s038,0.01354936711729793,2,0.01342198714914227,-0.0001273799681556602,0.0001273799681556602,-0.009574765992026002,0.009574765992026002,False,14000,4000,-0.991337115054306,0.9957664594779573,30,32.74
1,s039,0.014093935701877364,2,0.013731033705387186,-0.0003629019964901774,0.0003629019964901774,-0.0264541298755967,0.0264541298755967,False,14000,4000,-0.991337115054306,0.9957664594779573,30,32.74
1,s040,0.014660066010377684,2,0.013534381010825998,-0.0011256849995516863,0.0011256849995516863,-0.08103579073108147,0.08103579073108147,False,14000,4000,-0.991337115054306,0.9957664594779573,30,32.74
1,s041,0.015248585127984502,2,0.01660597770391272,0.001357392575928219,0.001357392575928219,0.08665537521242861,0.08665537521242861,False,14000,4000,-0.991337115054306,0.9957664594779573,30,32.74
1,s042,0.0158603496875726,2,0.01647082043214681,0.0006104707445742097,0.0006104707445742097,0.0383885938538171,0.0383885938538171,False,14000,4000,-0.991337115054306,0.9957664594779573,30,32.74
1,s043,0.01649624674576679,2,0.01625762068902416,-0.00023862605674263015,0.00023862605674263015,-0.014813719840661044,0.014813719840661044,False,14000,4000,-0.991337115054306,0.9957664594779573,30,32.74
1,s044,0.01715719466963917,3,0.01732232753839429,0.00016513286875511832,0.00016513286875511832,0.0097467082945899,0.0097467082945899,False,14000,4000,-0.991337115054306,0.9957664594779573,30,32.74
1,s045,0.017844144032661036,3,0.017444644968725605,-0.00039949906393543094,0.00039949906393543094,-0.023049340631228432,0.023049340631228432,False,14000,4000,-0.991337115054306,0.9957664594779573,30,32.74
1,s046,0.018558078518353435,3,0.01877187172044396,0.00021379320209052519,0.00021379320209052519,0.011672230003789696,0.011672230003789696,False,14000,4000,-0.991337115054306,0.9957664594779573,30,32.74
1,s047,0.019300015829891038,3,0.019096710329993504,-0.00020330549989753394,0.00020330549989753394,-0.010797114959233856,0.010797114959233856,False,14000,4000,-0.991337115054306,0.9957664594779573,30,32.74
1,s048,0.020071008603711707,3,0.020867834325065122,0.0007968257213534155,0.0007968257213534155,0.03974600727385713,0.03974600727385713,False,14000,4000,-0.991337115054306,0.9957664594779573,30,32.74
1,s049,0.02087214532496684,3,0.02195842107642756,0.0010862757514607212,0.0010862757514607212,0.051845251442125484,0.051845251442125484,False,14000,4000,-0.991337115054306,0.9957664594779573,30,32.74
1,s050,0.02170455124241479,3,0.020738414000944182,-0.0009661372414706063,0.0009661372414706063,-0.04652132861518732,0.04652132861518732,False,14000,4000,-0.991337115054306,0.9957664594779573,30,32.74
1,s051,0.022569389280111214,3,0.02369156601755396,0.0011221767374427448,0.0011221767374427448,0.049673336977278826,0.049673336977278826,False,14000,4000,-0.991337115054306,0.9957664594779573,30,32.74
1,s052,0.02346786094298502,3,0.02245614979551404,-0.0010117111474709783,0.0010117111474709783,-0.04510284411882903,0.04510284411882903,False,14000,4000,-0.991337115054306,0.9957664594779573,30,32.74
1,s053,0.024401207213106135,3,0.025717143094251476,0.0013159358811453414,0.0013159358811453414,0.05387496892324206,0.05387496892324206,False,14000,4000,-0.991337115054306,0.9957664594779573,30,32.74
1,s054,0.0253707094331517,3,0.022991886295502188,-0.002378823137649512,0.002378823137649512,-0.10089172558304815,0.10089172558304815,False,14000,4000,-0.991337115054306,0.9957664594779573,30,32.74
1,s055,0.026377690173258906,3,0.02486553192946613,-0.0015121582437927772,0.0015121582437927772,-0.06058792031862836,0.06058792031862836,False,14000,4000,-0.991337115054306,0.9957664594779573,30,32.74
1,s056,0.027423514077116424,3,0.028753094047954966,0.0013295799708385424,0.0013295799708385424,0.04871256226738874,0.04871256226738874,False,14000,4000,-0.991337115054306,0.9957664594779573,30,32.74
1,s057,0.02850958868279088,3,0.028207510581822817,-0.00030207810096806106,0.00030207810096806106,-0.010963095151341307,0.010963095151341307,False,14000,4000,-0.991337115054306,0.9957664594779573,30,32.74
1,s058,0.029637365213410392,3,0.030342819135692863,0.0007054539222824709,0.0007054539222824709,0.02425124886814034,0.02425124886814034,False,14000,4000,-0.991337115054306,0.9957664594779573,30,32.74
1,s059,0.03080833933243411,3,0.03045503024286467,-0.00035330908956943824,0.00035330908956943824,-0.011898707087281135,0.011898707087281135,False,14000,4000,-0.991337115054306,0.9957664594779573,30,32.74
1,s060,0.032024051857823865,3,0.02881267043022694,-0.003211381427596926,0.003211381427596926,-0.10898413919638683,0.10898413919638683,False,14000,4000,-0.991337115054306,0.9957664594779573,30,32.74
1,s061,0.03328608942900312,3,0.03638427219208208,0.003098182763078959,0.003098182763078959,0.09220703037002353,0.09220703037002353,False,14000,4000,-0.991337115054306,0.9957664594779573,30,32.74
1,s062,0.03459608512003892,3,0.03439661088767335,-0.00019947423236556933,0.00019947423236556933,-0.005989091244392508,0.005989091244392508,False,14000,4000,-0.991337115054306,0.9957664594779573,30,32.74
1,s063,0.035955718992015134,3,0.035065563406153355,-0.0008901555858617793,0.0008901555858617793,-0.025991533478503026,0.025991533478503026,False,14000,4000,-0.991337115054306,0.9957664594779573,30,32.74
1,s064,0.03736671857708186,3,0.034648724804941536,-0.0027179937721403258,0.0027179937721403258,-0.07833902790031244,0.07833902790031244,False,14000,4000,-0.991337115054306,0.9957664594779573,30,32.74
1,s065,0.038830859286165725,3,0.03651448453625156,-0.0023163747499141685,0.0023163747499141685,-0.06391331056290728,0.06391331056290728,False,14000,4000,-0.991337115054306,0.9957664594779573,30,32.74
1,s066,0.040349964731812786,4,0.041295893694840435,0.0009459289630276493,0.0009459289630276493,0.024158736217751553,0.024158736217751553,False,14000,4000,-0.991337115054306,0.9957664594779573,30,32.74
1,s067,0.041925906957109675,4,0.04167205373062336,-0.00025385322648631414,0.00025385322648631414,-0.0063381374126412204,0.0063381374126412204,False,14000,4000,-0.991337115054306,0.9957664594779573,30,32.74
1,s068,0.043560606561092834,4,0.04212847776009822,-0.0014321288009946156,0.0014321288009946156,-0.03492551387898635,0.03492551387898635,False,14000,4000,-0.991337115054306,0.9957664594779573,30,32.74
1,s069,0.045256032710512886,4,0.04476917058630021,-0.00048686212421267944,0.00048686212421267944,-0.011326044861920348,0.011326044861920348,False,14000,4000,-0.991337115054306,0.9957664594779573,30,32.74
1,s070,0.04701420302727336,4,0.04348443137489386,-0.0035297716523794986,0.0035297716523794986,-0.08174383887912784,0.08174383887912784,False,14000,4000,-0.991337115054306,0.9957664594779573,30,32.74
1,s071,0.04883718334031575,4,0.048794593663715274,-4.258967660047269e-05,4.258967660047269e-05,-0.0009172307013862735,0.0009172307013862735,False,14000,4000,-0.991337115054306,0.9957664594779573,30,32.74
1,s072,0.050727087290178156,4,0.054343486116075417,0.00361639882589726,0.00361639882589726,0.07268164825502632,0.07268164825502632,True,14000,4000,-0.991337115054306,0.9957664594779573,30,32.74
1,s073,0.052686075773919656,4,0.048140282698973226,-0.00454579307494643,0.00454579307494643,-0.09501903557850522,0.09501903557850522,False,14000,4000,-0.991337115054306,0.9957664594779573,30,32.74
1,s074,0.054716356217579865,4,0.055903880228810675,0.0011875240112308103,0.0011875240112308103,0.022728161853532214,0.022728161853532214,False,14000,4000,-0.991337115054306,0.9957664594779573,30,32.74
1,s075,0.056820181662841966,4,0.0575068912414213,0.0006867095785793309,0.0006867095785793309,0.012741559061998142,0.012741559061998142,True,14000,4000,-0.991337115054306,0.9957664594779573,30,32.74
1,s076,0.058999849654091704,4,0.055213492694399215,-0.00378635695969249,0.00378635695969249,-0.07034322380038471,0.07034322380038471,False,14000,4000,-0.991337115054306,0.9957664594779573,30,32.74
1,s077,0.06125770091162484,4,0.06291539052776127,0.0016576896161364235,0.0016576896161364235,0.028468668814092712,0.028468668814092712,False,14000,4000,-0.991337115054306,0.9957664594779573,30,32.74
1,s078,0.06359611777635625,4,0.059947524795365324,-0.0036485929809909265,0.0036485929809909265,-0.06297165130710791,0.06297165130710791,True,14000,4000,-0.991337115054306,0.9957664594779573,30,32.74
1,s079,0.06601752241103867,4,0.07017305025445272,0.004155527843414053,0.004155527843414053,0.06550332409880566,0.06550332409880566,False,14000,4000,-0.991337115054306,0.9957664594779573,30,32.74
1,s080,0.06852437474271375,4,0.06867964158921105,0.00015526684649730393,0.00015526684649730393,0.002430002828605282,0.002430002828605282,False,14000,4000,-0.991337115054306,0.9957664594779573,30,32.74
1,s081,0.07111917013090666,4,0.07159862750246639,0.00047945737155973,0.00047945737155973,0.007235282241149665,0.007235282241149665,False,14000,4000,-0.991337115054306,0.9957664594779573,30,32.74
1,s082,0.0738044367459469,4,0.06716177414131515,-0.006642662604631755,0.006642662604631755,-0.10146099049434287,0.10146099049434287,True,14000,4000,-0.991337115054306,0.9957664594779573,30,32.74
1,s083,0.07658273264176745,4,0.07506222855655875,-0.0015205040852086932,0.0015205040852086932,-0.021699396778884328,0.021699396778884328,False,14000,4000,-0.991337115054306,0.9957664594779573,30,32.74
1,s084,0.07945664250761232,4,0.07846376359737937,-0.0009928789102329472,0.0009928789102329472,-0.01365258557901683,0.01365258557901683,False,14000,4000,-0.991337115054306,0.9957664594779573,30,32.74
1,s085,0.08242877408328451,4,0.07931242813682321,-0.0031163459464613047,0.0031163459464613047,-0.04193028088764672,0.04193028088764672,True,14000,4000,-0.991337115054306,0.9957664594779573,30,32.74
1,s086,0.0855017542229072,4,0.07891813021423082,-0.006583624008676389,0.006583624008676389,-0.08729927923463165,0.08729927923463165,False,14000,4000,-0.991337115054306,0.9957664594779573,30,32.74
1,s087,0.08867822459266315,4,0.08915563159446588,0.0004774070018027238,0.0004774070018027238,0.005893147455575232,0.005893147455575232,False,14000,4000,-0.991337115054306,0.9957664594779573,30,32.74
1,s088,0.09196083698864001,5,0.09238553241030603,0.00042469542166602425,0.00042469542166602425,0.005075404700188635,0.005075404700188635,True,14000,4000,-0.991337115054306,0.9957664594779573,30,32.74
1,s089,0.0953522482617553,5,0.09158672384874185,-0.003765524413013449,0.003765524413013449,-0.04444536744933103,0.04444536744933103,False,14000,4000,-0.991337115054306,0.9957664594779573,30,32.74
1,s090,0.09885511483778142,5,0.10014889165200586,0.0012937768142244344,0.0012937768142244344,0.014439438518405456,0.014439438518405456,False,14000,4000,-0.991337115054306,0.9957664594779573,30,32.74
1,s091,0.10247208682175271,5,0.10589415448948791,0.0034220676677352013,0.0034220676677352013,0.03666967220501727,0.03666967220501727,True,14000,4000,-0.991337115054306,0.9957664594779573,30,32.74
1,s092,0.10620580167753102,5,0.10021841767893282,-0.005987383998598203,0.005987383998598203,-0.06470325822403122,0.06470325822403122,False,14000,4000,-0.991337115054306,0.9957664594779573,30,32.74
1,s093,0.11005887747504482,5,0.09706330228639778,-0.012995575188647038,0.012995575188647038,-0.14014924851616106,0.14014924851616106,False,14000,4000,-0.991337115054306,0.9957664594779573,30,32.74
1,s094,0.11403390569971644,5,0.12086969246696272,0.006835786767246277,0.006835786767246277,0.06596277063447142,0.06596277063447142,False,14000,4000,-0.991337115054306,0.9957664594779573,30,32.74
1,s095,0.11813344362086155,5,0.12200132659125552,0.0038678829703939765,0.0038678829703939765,0.036612719953419415,0.036612719953419415,True,14000,4000,-0.991337115054306,0.9957664594779573,30,32.74
1,s096,0.12236000621839906,5,0.13372580285358118,0.011365796635182127,0.011365796635182127,0.1018588824225024,0.1018588824225024,False,14000,4000,-0.991337115054306,0.9957664594779573,30,32.74
1,s097,0.12671605767005187,5,0.13283721149691285,0.006121153826860987,0.006121153826860987,0.05420961989835216,0.05420961989835216,False,14000,4000,-0.991337115054306,0.9957664594779573,30,32.74
1,s098,0.13120400240435995,5,0.1307386946032625,-0.0004653078010974365,0.0004653078010974365,-0.004088183092494813,0.004088183092494813,True,14000,4000,-0.991337115054306,0.9957664594779573,30,32.74
1,s099,0.13582617572826564,5,0.13857680588706778,0.002750630158802142,0.002750630158802142,0.023236814205928935,0.023236814205928935,False,14000,4000,-0.991337115054306,0.9957664594779573,30,32.74
1,s100,0.1405848340417669,5,0.1512858608855906,0.010701026843823708,0.010701026843823708,0.08588974976746622,0.08588974976746622,False,14000,4000,-0.991337115054306,0.9957664594779573,30,32.74
1,s101,0.14548214465616557,5,0.14711208608564466,0.001629941429479087,0.001629941429479087,0.013050686020791735,0.013050686020791735,True,14000,4000,-0.991337115054306,0.9957664594779573,30,32.74
1,s102,0.15052017523674813,5,0.14408266037974324,-0.006437514857004889,0.006437514857004889,-0.051259578962948416,0.051259578962948416,False,14000,4000,-0.991337115054306,0.9957664594779573,30,32.74
1,s103,0.15570088289531697,5,0.148531210877831,-0.007169672017485973,0.007169672017485973,-0.05559764836588621,0.05559764836588621,False,14000,4000,-0.991337115054306,0.9957664594779573,30,32.74
1,s104,0.16102610296281702,5,0.17034782529809045,0.009321722335273425,0.009321722335273425,0.06744894355372288,0.06744894355372288,True,14000,4000,-0.991337115054306,0.9957664594779573,30,32.74
1,s105,0.16649753747734905,5,0.16895068391285703,0.00245314643550798,0.00245314643550798,0.01757385984239912,0.01757385984239912,False,14000,4000,-0.991337115054306,0.9957664594779573,30,32.74
1,s106,0.1721167434280912,5,0.16819303493905374,-0.003923708489037447,0.003923708489037447,-0.027788900939657024,0.027788900939657024,False,14000,4000,-0.991337115054306,0.9957664594779573,30,32.74
1,s107,0.17788512080103414,5,0.17163304715480418,-0.006252073646229955,0.006252073646229955,-0.04335529714851494,0.04335529714851494,False,14000,4000,-0.991337115054306,0.9957664594779573,30,32.74
1,s108,0.18380390047790426,5,0.18558497706014543,0.0017810765822411645,0.0017810765822411645,0.0118279953722904,0.0118279953722904,True,14000,4000,-0.991337115054306,0.9957664594779573,30,32.74
1,s109,0.1898741320451758,5,0.20254016053436735,0.012666028489191544,0.012666028489191544,0.08033495357169529,0.08033495357169529,False,14000,4000,-0.991337115054306,0.9957664594779573,30,32.74
1,s110,0.196096671575569,6,0.1982475133479503,0.0021508417723812845,0.0021508417723812845,0.013587641036769904,0.013587641036769904,False,14000,4000,-0.991337115054306,0.9957664594779573,30,32.74
1,s111,0.20247216944984456,6,0.19202709455335684,-0.010445074896487716,0.010445074896487716,-0.06597775655304439,0.06597775655304439,True,14000,4000,-0.991337115054306,0.9957664594779573,30,32.74
1,s112,0.2090010582919537,6,0.21338829320034075,0.00438723490838705,0.00438723490838705,0.026336050509939257,0.026336050509939257,False,14000,4000,-0.991337115054306,0.9957664594779573,30,32.74
1,s113,0.2156835410956039,6,0.23446047813755225,0.018776937041948355,0.018776937041948355,0.10770653396468988,0.10770653396468988,False,14000,4000,-0.991337115054306,0.9957664594779573,30,32.74
1,s114,0.2225195796249631,6,0.2360107919315994,0.013491212306636302,0.013491212306636302,0.07636723389179201,0.07636723389179201,True,14000,4000,-0.991337115054306,0.9957664594779573,30,32.74
1,s115,0.22950888317647256,6,0.24348145259542234,0.013972569418949782,0.013972569418949782,0.07740010945013531,0.07740010945013531,False,14000,4000,-0.991337115054306,0.9957664594779573,30,32.74
1,s116,0.23665089779244333,6,0.2443710163664728,0.007720118574029461,0.007720118574029461,0.04226655144556268,0.04226655144556268,False,14000,4000,-0.991337115054306,0.9957664594779573,30,32.74
1,s117,0.2439447960202194,6,0.2454851130382172,0.001540317017997811,0.001540317017997811,0.008333737904070215,0.008333737904070215,True,14000,4000,-0.991337115054306,0.9957664594779573,30,32.74
1,s118,0.25138946731305806,6,0.2594038096061799,0.008014342293121868,0.008014342293121868,0.04214589954527215,0.04214589954527215,False,14000,4000,-0.991337115054306,0.9957664594779573,30,32.74
1,s119,0.2589835091704415,6,0.27273121918051507,0.013747710010073577,0.013747710010073577,0.07044913496338379,0.07044913496338379,False,14000,4000,-0.991337115054306,0.9957664594779573,30,32.74
1,s120,0.266725219116192,6,0.27165196211552606,0.004926742999334044,0.004926742999334044,0.02504420461088508,0.02504420461088508,False,14000,4000,-0.991337115054306,0.9957664594779573,30,32.74
1,s121,0.2746125876124096,6,0.2827166925182877,0.008104104905878096,0.008104104905878096,0.040318960125394154,0.040318960125394154,True,14000,4000,-0.991337115054306,0.9957664594779573,30,32.74
1,s122,0.28264329200584415,6,0.2989016000674714,0.016258308061627258,0.016258308061627258,0.0788537417235815,0.0788537417235815,False,14000,4000,-0.991337115054306,0.9957664594779573,30,32.74
1,s123,0.2908146916007447,6,0.29361524869369987,0.0028005570929551804,0.0028005570929551804,0.013540762330678802,0.013540762330678802,False,14000,4000,-0.991337115054306,0.9957664594779573,30,32.74
1,s124,0.2991238239484663,6,0.30183813474716353,0.002714310798697217,0.002714310798697217,0.012913539344859726,0.012913539344859726,True,14000,4000,-0.991337115054306,0.9957664594779573,30,32.74
1,s125,0.3075674024391195,6,0.3135321262238197,0.005964723784700199,0.005964723784700199,0.02785904695560948,0.02785904695560948,False,14000,4000,-0.991337115054306,0.9957664594779573,30,32.74
1,s126,0.3161418152742729,6,0.3234847063378587,0.007342891063585821,0.007342891063585821,0.033756451237844654,0.033756451237844654,False,14000,4000,-0.991337115054306,0.9957664594779573,30,32.74
1,s127,0.32484312589218756,6,0.32753284574570907,0.0026897198535215106,0.0026897198535215106,0.012237767094950947,0.012237767094950947,True,14000,4000,-0.991337115054306,0.9957664594779573,30,32.74
1,s128,0.33366707490828174,6,0.32839850049472785,-0.005268574413553884,0.005268574413553884,-0.02379162744707719,0.02379162744707719,False,14000,4000,-0.991337115054306,0.9957664594779573,30,32.74
1,s129,0.3426090836235193,6,0.34568577616938895,0.0030766925458696748,0.0030766925458696748,0.013631244735695547,0.013631244735695547,False,14000,4000,-0.991337115054306,0.9957664594779573,30,32.74
1,s130,0.35166425914228194,6,0.3543103168138721,0.002646057671590152,0.002646057671590152,0.011585878132861716,0.011585878132861716,True,14000,4000,-0.991337115054306,0.9957664594779573,30,32.74
1,s131,0.36082740112907974,6,0.37611357984458216,0.015286178715502419,0.015286178715502419,0.06569763390893923,0.06569763390893923,False,14000,4000,-0.991337115054306,0.9957664594779573,30,32.74
1,s132,0.37009301022029967,7,0.38573069179853947,0.015637681578239804,0.015637681578239804,0.06652381182883993,0.06652381182883993,False,14000,4000,-0.991337115054306,0.9957664594779573,30,32.74
1,s133,0.3794552980932421,7,0.3868291310058858,0.0073738329126437074,0.0073738329126437074,0.031200279734370118,0.031200279734370118,False,14000,4000,-0.991337115054306,0.9957664594779573,30,32.74
1,s134,0.38890819918006136,7,0.39849342228823653,0.009585223108175167,0.009585223108175167,0.040157391831225464,0.040157391831225464,True,14000,4000,-0.991337115054306,0.9957664594779573,30,32.74
1,s135,0.3984453839991461,7,0.39194652554624804,-0.006498858452898049,0.006498858452898049,-0.02719051736197775,0.02719051736197775,False,14000,4000,-0.991337115054306,0.9957664594779573,30,32.74
1,s136,0.4080602740610831,7,0.3992632502374277,-0.008797023823655381,0.008797023823655381,-0.036545922476080184,0.036545922476080184,False,14000,4000,-0.991337115054306,0.9957664594779573,30,32.74
1,s137,0.41774605829090244,7,0.41075284512823335,-0.0069932131626690985,0.0069932131626690985,-0.02882108318778559,0.02882108318778559,True,14000,4000,-0.991337115054306,0.9957664594779573,30,32.74
1,s138,0.4274957108929925,7,0.43595583273970007,0.00846012184670758,0.00846012184670758,0.034484349947520976,0.034484349947520976,False,14000,4000,-0.991337115054306,0.9957664594779573,30,32.74
1,s139,0.43730201057013934,7,0.41866245546977193,-0.01863955510036741,0.01863955510036741,-0.0761475628304299,0.0761475628304299,False,14000,4000,-0.991337115054306,0.9957664594779573,30,32.74
1,s140,0.44715756099380843,7,0.4619382927123443,0.014780731718535889,0.014780731718535889,0.059620088010217565,0.059620088010217565,True,14000,4000,-0.991337115054306,0.9957664594779573,30,32.74
1,s141,0.4570548124092937,7,0.4521167176918899,-0.004938094717403807,0.004938094717403807,-0.019916856447169146,0.019916856447169146,False,14000,4000,-0.991337115054306,0.9957664594779573,30,32.74
1,s142,0.4669860842468815,7,0.46682742898497576,-0.00015865526190572687,0.00015865526190572687,-0.0006374133384635661,0.0006374133384635661,False,14000,4000,-0.991337115054306,0.9957664594779573,30,32.74
1,s143,0.4769435885989931,7,0.4844404018285099,0.0074968132295167855,0.0074968132295167855,0.030032603424565874,0.030032603424565874,True,14000,4000,-0.991337115054306,0.9957664594779573,30,32.74
1,s144,0.4869194544134851,7,0.4808709803861716,-0.006048474027313511,0.006048474027313511,-0.024219319166105334,0.024219319166105334,False,14000,4000,-0.991337115054306,0.9957664594779573,30,32.74
1,s145,0.4969057522451395,7,0.5037328203705237,0.006827068125384195,0.006827068125384195,0.027308707919218002,0.027308707919218002,False,14000,4000,-0.991337115054306,0.9957664594779573,30,32.74
1,s146,0.5068945194009683,7,0.5124848025473229,0.005590283146354569,0.005590283146354569,0.02236976711307518,0.02236976711307518,False,14000,4000,-0.991337115054306,0.9957664594779573,30,32.74
1,s147,0.5168777853104009,7,0.5216727207598311,0.0047949354494302154,0.0047949354494302154,0.01920843633944523,0.01920843633944523,True,14000,4000,-0.991337115054306,0.9957664594779573,30,32.74
1,s148,0.5268475969488259,7,0.5267701859485,-7.741100032587767e-05,7.741100032587767e-05,-0.00031053675368519773,0.00031053675368519773,False,14000,4000,-0.991337115054306,0.9957664594779573,30,32.74
1,s149,0.5367960441423357,7,0.5282564215716077,-0.008539622570728045,0.008539622570728045,-0.03430450898327163,0.03430450898327163,False,14000,4000,-0.991337115054306,0.9957664594779573,30,32.74
1,s150,0.5467152845828964,7,0.5560134101654347,0.009298125582538286,0.009298125582538286,0.03759032956059721,0.03759032956059721,True,14000,4000,-0.991337115054306,0.9957664594779573,30,32.74
1,s151,0.5565975683865267,7,0.5953186924996424,0.03872112411311568,0.03872112411311568,0.15863231831268848,0.15863231831268848,False,14000,4000,-0.991337115054306,0.9957664594779573,30,32.74
1,s152,0.5664352620323304,7,0.5755032444764302,0.009067982444099787,0.009067982444099787,0.0370188292317537,0.0370188292317537,False,14000,4000,-0.991337115054306,0.9957664594779573,30,32.74
1,s153,0.5762208715273128,7,0.5899057233135848,0.01368485178627199,0.01368485178627199,0.05629700811802074,0.05629700811802074,True,14000,4000,-0.991337115054306,0.9957664594779573,30,32.74
1,s154,0.5859470646507111,8,0.6034324078095249,0.017485343158813782,0.017485343158813782,0.07255191197405902,0.07255191197405902,False,14000,4000,-0.991337115054306,0.9957664594779573,30,32.74
1,s155,0.5956066921418848,8,0.5997883222725063,0.004181630130621561,0.004181630130621561,0.017390597276254638,0.017390597276254638,False,14000,4000,-0.991337115054306,0.9957664594779573,30,32.74
1,s156,0.6051928077075361,8,0.609398367063165,0.0042055593556288295,0.0042055593556288295,0.0176344152143455,0.0176344152143455,True,14000,4000,-0.991337115054306,0.9957664594779573,30,32.74
1,s157,0.6146986867369012,8,0.6180823553654431,0.0033836686285418915,0.0033836686285418915,0.01431016684853298,0.01431016684853298,False,14000,4000,-0.991337115054306,0.9957664594779573,30,32.74
1,s158,0.6241178436273987,8,0.6396977319712885,0.015579888343889792,0.015579888343889792,0.06698893628143032,0.06698893628143032,False,14000,4000,-0.991337115054306,0.9957664594779573,30,32.74
1,s159,0.6334440476378188,8,0.6432792079238732,0.009835160286054356,0.009835160286054356,0.04260497932314389,0.04260497932314389,False,14000,4000,-0.991337115054306,0.9957664594779573,30,32.74
1,s160,0.6426713372012294,8,0.6763704863910704,0.03369914918984107,0.03369914918984107,0.15016412614373065,0.15016412614373065,True,14000,4000,-0.991337115054306,0.9957664594779573,30,32.74
1,s161,0.6517940326451706,8,0.6591552939349201,0.0073612612897495655,0.0073612612897495655,0.03259774524933057,0.03259774524933057,False,14000,4000,-0.991337115054306,0.9957664594779573,30,32.74
1,s162,0.6608067472821613,8,0.6796993973184562,0.018892650036294922,0.018892650036294922,0.08549927847099636,0.08549927847099636,False,14000,4000,-0.991337115054306,0.9957664594779573,30,32.74
1,s163,0.669704396848828,8,0.6857063448156497,0.01600194796682175,0.01600194796682175,0.07327331515909996,0.07327331515909996,True,14000,4000,-0.991337115054306,0.9957664594779573,30,32.74
1,s164,0.6784822072869149,8,0.6892659250640573,0.010783717777142376,0.010783717777142376,0.04988430229054441,0.04988430229054441,False,14000,4000,-0.991337115054306,0.9957664594779573,30,32.74
1,s165,0.6871357208738129,8,0.6939835487912215,0.0068478279174085666,0.0068478279174085666,0.03204704760624211,0.03204704760624211,False,14000,4000,-0.991337115054306,0.9957664594779573,30,32.74
1,s166,0.6956608007239171,8,0.6909702695115197,-0.004690531212397375,0.004690531212397375,-0.02206000969499522,0.02206000969499522,True,14000,4000,-0.991337115054306,0.9957664594779573,30,32.74
1,s167,0.7040536336949332,8,0.6989095877975737,-0.005144045897359506,0.005144045897359506,-0.02456549810234221,0.02456549810234221,False,14000,4000,-0.991337115054306,0.9957664594779573,30,32.74
1,s168,0.7123107317450525,8,0.7136241917189567,0.0013134599739041963,0.0013134599739041963,0.006418249219967254,0.006418249219967254,False,14000,4000,-0.991337115054306,0.9957664594779573,30,32.74
1,s169,0.7204289317976406,8,0.7208864406683706,0.000457508870730039,0.000457508870730039,0.002272656734047529,0.002272656734047529,False,14000,4000,-0.991337115054306,0.9957664594779573,30,32.74
1,s170,0.7284053941796221,8,0.7403265177984782,0.011921123618856111,0.011921123618856111,0.06111910643761098,0.06111910643761098,False,14000,4000,-0.991337115054306,0.9957664594779573,30,32.74
1,s171,0.7362375997080531,8,0.7203280178886614,-0.015909581819391727,0.015909581819391727,-0.08041492862244526,0.08041492862244526,False,14000,4000,-0.991337115054306,0.9957664594779573,30,32.74
1,s172,0.7439233455064309,8,0.7385668889021946,-0.005356456604236337,0.005356456604236337,-0.02792795762764988,0.02792795762764988,False,14000,4000,-0.991337115054306,0.9957664594779573,30,32.74
1,s173,0.7514607396380755,8,0.762494747780922,0.011034008142846496,0.011034008142846496,0.059987739742109136,0.059987739742109136,False,14000,4000,-0.991337115054306,0.9957664594779573,30,32.74
1,s174,0.758848194648434,8,0.76798236147068,0.009134166822245993,0.009134166822245993,0.05057825170089236,0.05057825170089236,False,14000,4000,-0.991337115054306,0.9957664594779573,30,32.74
1,s175,0.7660844201114761,8,0.7739740311472397,0.007889611035763577,0.007889611035763577,0.04455633030497186,0.04455633030497186,False,14000,4000,-0.991337115054306,0.9957664594779573,30,32.74
1,s176,0.7731684142774475,9,0.7736198070335142,0.00045139275606664864,0.00045139275606664864,0.0025756250824628957,0.0025756250824628957,False,14000,4000,-0.991337115054306,0.9957664594779573,30,32.74
1,s177,0.7800994549202689,9,0.7908113994272057,0.010711944506936799,0.010711944506936799,0.06357722456950321,0.06357722456950321,False,14000,4000,-0.991337115054306,0.9957664594779573,30,32.74
1,s178,0.7868770894828065,9,0.7927198416055438,0.005842752122737216,0.005842752122737216,0.03519555327950208,0.03519555327950208,False,14000,4000,-0.991337115054306,0.9957664594779573,30,32.74
1,s179,0.7935011246172398,9,0.7985020493659585,0.005000924748718716,0.005000924748718716,0.03079833243255381,0.03079833243255381,False,14000,4000,-0.991337115054306,0.9957664594779573,30,32.74
1,s180,0.7999716152158658,9,0.8054984152474355,0.00552680003156969,0.00552680003156969,0.034903958687128256,0.034903958687128256,False,14000,4000,-0.991337115054306,0.9957664594779573,30,32.74
1,s181,0.806288853025021,9,0.8193923959484529,0.013103542923431966,0.013103542923431966,0.08616240020132815,0.08616240020132815,False,14000,4000,-0.991337115054306,0.9957664594779573,30,32.74
1,s182,0.812453354931451,9,0.8163296638544776,0.0038763089230265946,0.0038763089230265946,0.025644858830425887,0.025644858830425887,False,14000,4000,-0.991337115054306,0.9957664594779573,30,32.74
1,s183,0.8184658510065435,9,0.8309254374383443,0.012459586431800895,0.012459586431800895,0.08621235853315556,0.08621235853315556,False,14000,4000,-0.991337115054306,0.9957664594779573,30,32.74
1,s184,0.8243272723894133,9,0.8152916857089857,-0.009035586680427588,0.009035586680427588,-0.06117681999753577,0.06117681999753577,False,14000,4000,-0.991337115054306,0.9957664594779573,30,32.74
1,s185,0.8300387390850342,9,0.8333823304693818,0.0033435913843475884,0.0033435913843475884,0.023888894120297488,0.023888894120297488,False,14000,4000,-0.991337115054306,0.9957664594779573,30,32.74
1,s186,0.8356015477485063,9,0.8267816766910578,-0.008819871057448414,0.008819871057448414,-0.06287093135766164,0.06287093135766164,False,14000,4000,-0.991337115054306,0.9957664594779573,30,32.74
1,s187,0.8410171595212175,9,0.8472877131495188,0.006270553628301312,0.006270553628301312,0.04766886034922191,0.04766886034922191,False,14000,4000,-0.991337115054306,0.9957664594779573,30,32.74
1,s188,0.846287187979221,9,0.8637033361373581,0.01741614815813708,0.01741614815813708,0.14062272361453143,0.14062272361453143,False,14000,4000,-0.991337115054306,0.9957664594779573,30,32.74
1,s189,0.8514133872486177,9,0.8544330788792358,0.0030196916306181043,0.0030196916306181043,0.024072525519322818,0.024072525519322818,False,14000,4000,-0.991337115054306,0.9957664594779573,30,32.74
1,s190,0.8563976403372343,9,0.8717367816218559,0.01533914128462155,0.01533914128462155,0.13071626367446743,0.13071626367446743,False,14000,4000,-0.991337115054306,0.9957664594779573,30,32.74
1,s191,0.8612419477264363,9,0.8650680571991641,0.003826109472727879,0.003826109472727879,0.032393971339447214,0.032393971339447214,False,14000,4000,-0.991337115054306,0.9957664594779573,30,32.74
1,s192,0.8659484162615885,9,0.8665584183591198,0.0006100020975313702,0.0006100020975313702,0.005265072159308382,0.005265072159308382,False,14000,4000,-0.991337115054306,0.9957664594779573,30,32.74
1,s193,0.8705192483745141,9,0.8709377118030206,0.0004184634285064881,0.0004184634285064881,0.003717681971999953,0.003717681971999953,False,14000,4000,-0.991337115054306,0.9957664594779573,30,32.74
1,s194,0.874956731666327,9,0.8730568035249257,-0.0018999281414013858,0.0018999281414013858,-0.017253705325198432,0.017253705325198432,False,14000,4000,-0.991337115054306,0.9957664594779573,30,32.74
1,s195,0.8792632288742867,9,0.8906279062436385,0.011364677369351872,0.011364677369351872,0.11169936740880004,0.11169936740880004,False,14000,4000,-0.991337115054306,0.9957664594779573,30,32.74
1,s196,0.8834411682418403,9,0.8861785140485225,0.0027373458066822787,0.0027373458066822787,0.02685854412479527,0.02685854412479527,False,14000,4000,-0.991337115054306,0.9957664594779573,30,32.74
1,s197,0.8874930343068086,9,0.8867308190352338,-0.0007622152715748287,0.0007622152715748287,-0.007611191228435121,0.007611191228435121,False,14000,4000,-0.991337115054306,0.9957664594779573,30,32.74
1,s198,0.8914213591187581,10,0.8974868024927629,0.006065443374004831,0.006065443374004831,0.06426435869742342,0.06426435869742342,False,14000,4000,-0.991337115054306,0.9957664594779573,30,32.74
1,s199,0.8952287138929744,10,0.8934698576948096,-0.0017588561981648487,0.0017588561981648487,-0.018614857567489818,0.018614857567489818,False,14000,4000,-0.991337115054306,0.9957664594779573,30,32.74
1,s200,0.8989177011051278,10,0.9041894518616458,0.005271750756517979,0.005271750756517979,0.059409664569000764,0.059409664569000764,False,14000,4000,-0.991337115054306,0.9957664594779573,30,32.74
1,s201,0.9024909470276966,10,0.9027727187828315,0.0002817717551348853,0.0002817717551348853,0.0032060485209535194,0.0032060485209535194,False,14000,4000,-0.991337115054306,0.9957664594779573,30,32.74
1,s202,0.9059510947064783,10,0.9113347601706905,0.005383665464212206,0.005383665464212206,0.06487195726384787,0.06487195726384787,False,14000,4000,-0.991337115054306,0.9957664594779573,30,32.74
1,s203,0.9093007973730814,10,0.9066788774197668,-0.002621919953314622,0.002621919953314622,-0.03138552205275458,0.03138552205275458,False,14000,4000,-0.991337115054306,0.9957664594779573,30,32.74
1,s204,0.9125427122871137,10,0.92227943269577,0.009736720408656252,0.009736720408656252,0.12864396757412866,0.12864396757412866,False,14000,4000,-0.991337115054306,0.9957664594779573,30,32.74
1,s205,0.9156794949998952,10,0.9155931822168485,-8.631278304671586e-05,8.631278304671586e-05,-0.001117369248583966,0.001117369248583966,False,14000,4000,-0.991337115054306,0.9957664594779573,30,32.74
1,s206,0.9187137940298755,10,0.920351606432425,0.0016378124025494545,0.0016378124025494545,0.02213560242826551,0.02213560242826551,False,14000,4000,-0.991337115054306,0.9957664594779573,30,32.74
1,s207,0.9216482459385276,10,0.918008991188776,-0.003639254749751575,0.003639254749751575,-0.04935769041584637,0.04935769041584637,False,14000,4000,-0.991337115054306,0.9957664594779573,30,32.74
1,s208,0.9244854707943204,10,0.9216941356091805,-0.002791335185139965,0.002791335185139965,-0.03932132563632651,0.03932132563632651,False,14000,4000,-0.991337115054306,0.9957664594779573,30,32.74
1,s209,0.9272280680113949,10,0.9297039408431748,0.0024758728317798573,0.0024758728317798573,0.037281220440324336,0.037281220440324336,False,14000,4000,-0.991337115054306,0.9957664594779573,30,32.74
1,s210,0.9298786125488007,10,0.9372951824902772,0.007416569941476547,0.007416569941476547,0.1197337761738253,0.1197337761738253,False,14000,4000,-0.991337115054306,0.9957664594779573,30,32.74
1,s211,0.9324396514555521,10,0.9337959509074129,0.0013562994518607763,0.0013562994518607763,0.021733139244883404,0.021733139244883404,False,14000,4000,-0.991337115054306,0.9957664594779573,30,32.74
1,s212,0.9349137007463278,10,0.9394741563552078,0.004560455608879965,0.004560455608879965,0.07750971286565722,0.07750971286565722,False,14000,4000,-0.991337115054306,0.9957664594779573,30,32.74
1,s213,0.9373032425923566,10,0.9468964181629105,0.009593175570553836,0.009593175570553836,0.1762481968172107,0.1762481968172107,False,14000,4000,-0.991337115054306,0.9957664594779573,30,32.74
1,s214,0.9396107228118719,10,0.9394396628169746,-0.0001710599948973046,0.0001710599948973046,-0.003010688367466763,0.003010688367466763,False,14000,4000,-0.991337115054306,0.9957664594779573,30,32.74
1,s215,0.9418385486444908,10,0.9434650900907026,0.001626541446211771,0.001626541446211771,0.030089961497639983,0.030089961497639983,False,14000,4000,-0.991337115054306,0.9957664594779573,30,32.74
1,s216,0.9439890867939358,10,0.949579765678483,0.005590678884547229,0.005590678884547229,0.111058910618965,0.111058910618965,False,14000,4000,-0.991337115054306,0.9957664594779573,30,32.74
1,s217,0.9460646617236812,10,0.9550592597742849,0.008994598050603653,0.008994598050603653,0.19190362287564344,0.19190362287564344,False,14000,4000,-0.991337115054306,0.9957664594779573,30,32.74
1,s218,0.9480675541903518,10,0.9495845568493136,0.001517002658961819,0.001517002658961819,0.031245036043688668,0.031245036043688668,False,14000,4000,-0.991337115054306,0.9957664594779573,30,32.74
1,s219,0.9499999999999998,10,0.9509673996339391,0.0009673996339392144,0.0009673996339392144,0.020555412220149893,0.020555412220149893,False,14000,4000,-0.991337115054306,0.9957664594779573,30,32.74
