knob,severity,cell_label,rep,pc_seed,phe_seed,failed,spearman,max_abs_err,mean_abs_err,anchor_slope,anchor_r2
baseline,0.0,baseline,0,0,1,False,1.0,0.018034372471701754,0.0038509522571401862,-0.9977392588903977,0.9959498774278234
baseline,0.0,baseline,1,2,3,False,1.0,0.018376324492756058,0.0051420773281781506,-0.9652256320403702,0.9974031772180914
baseline,0.0,baseline,2,4,5,False,1.0,0.024027575061337014,0.0056321672990614444,-1.0493274349546886,0.9975074638479358
baseline,0.0,baseline,3,6,7,False,1.0,0.009918710212667547,0.0034002536110172383,-0.9981740307362108,0.9981396451465374
baseline,0.0,baseline,4,8,9,False,1.0,0.01657495674788456,0.0035320734974404284,-1.0085363052533853,0.9964424786195536
baseline,0.0,baseline,5,10,11,False,1.0,0.015472594363996617,0.004962077410892789,-1.0128169860310257,0.9941590316042264
baseline,0.0,baseline,6,12,13,False,1.0,0.025186910851634603,0.004615373339551458,-0.9876161991827475,0.9974283490439495
baseline,0.0,baseline,7,14,15,False,1.0,0.018990109272057687,0.00603251897158019,-1.023196888791101,0.9983988330648459
baseline,0.0,baseline,8,16,17,False,1.0,0.01814045678435572,0.004940903812986598,-0.9850590506738631,0.9955973824680435
baseline,0.0,baseline,9,18,19,False,1.0,0.011528926562565767,0.003175060528540985,-0.9945717157346721,0.9977664287942781
baseline,0.0,baseline,10,20,21,False,1.0,0.02262684395314607,0.005310050704463219,-1.0155478746235107,0.9982158069002108
baseline,0.0,baseline,11,22,23,False,1.0,0.04090728469885374,0.013413582262178852,-1.0808870263481305,0.9976771315099157
baseline,0.0,baseline,12,24,25,False,1.0,0.011530069781673258,0.004081422299329421,-1.0065816084162418,0.995774997467289
baseline,0.0,baseline,13,26,27,False,1.0,0.01208724147899043,0.0032617709513425774,-1.0176700081710848,0.9966519471447007
baseline,0.0,baseline,14,28,29,False,1.0,0.026319152491708686,0.0054365707699977695,-0.9917472186098054,0.9938316665751739
pc_scale_sd,0.3,pc_scale_sd=0.3,0,10000,10001,False,1.0,0.022415315372379063,0.005985801066670448,-0.8884129682076056,0.9978967204307072
pc_scale_sd,0.3,pc_scale_sd=0.3,1,10002,10003,False,1.0,0.013489412975214887,0.0036754685457862533,-0.8997213485576278,0.9948899442798982
pc_scale_sd,0.3,pc_scale_sd=0.3,2,10004,10005,False,1.0,0.021561262685140692,0.0060690122388832824,-0.8596392520551059,0.9958089262815489
pc_scale_sd,0.3,pc_scale_sd=0.3,3,10006,10007,False,1.0,0.013456886311904781,0.0027563562790180614,-0.9044775731244198,0.9972084010288327
pc_scale_sd,0.3,pc_scale_sd=0.3,4,10008,10009,False,1.0,0.016664413657048627,0.003996634067546811,-0.8980062804917003,0.9978481411527637
pc_scale_sd,0.3,pc_scale_sd=0.3,5,10010,10011,False,1.0,0.021266136818733128,0.00429231492352752,-0.9421932923625993,0.9965988434398914
pc_scale_sd,0.3,pc_scale_sd=0.3,6,10012,10013,False,1.0,0.016022032972886624,0.002988090609367457,-0.8878453834497653,0.9974823260351635
pc_scale_sd,0.3,pc_scale_sd=0.3,7,10014,10015,False,1.0,0.01694566639224704,0.00504468439310229,-0.9390573649490007,0.9973890305075395
pc_scale_sd,0.3,pc_scale_sd=0.3,8,10016,10017,False,1.0,0.013970339286707545,0.003957226706419695,-0.8819023461905834,0.9974439320200083
pc_scale_sd,0.3,pc_scale_sd=0.3,9,10018,10019,False,1.0,0.016510336680887305,0.003574423864447087,-0.8886544042011677,0.9989868061955963
pc_scale_sd,0.3,pc_scale_sd=0.3,10,10020,10021,False,1.0,0.017564973728292355,0.004501307064227669,-0.9268864936276646,0.998680849709966
pc_scale_sd,0.3,pc_scale_sd=0.3,11,10022,10023,False,1.0,0.019750751322937465,0.005293969646992566,-0.8917045254004214,0.9984200676604827
pc_scale_sd,0.3,pc_scale_sd=0.3,12,10024,10025,False,1.0,0.018194184045433826,0.005106875043781698,-0.9007390146987576,0.9973539292116621
pc_scale_sd,0.3,pc_scale_sd=0.3,13,10026,10027,False,1.0,0.023367648773557237,0.005903975026337437,-0.9128682000044771,0.9982618867166231
pc_scale_sd,0.3,pc_scale_sd=0.3,14,10028,10029,False,1.0,0.015406421741822884,0.005099025541202425,-0.8851263883473269,0.9953949152033219
pc_scale_sd,0.6,pc_scale_sd=0.6,0,20000,20001,False,1.0,0.021897380510029152,0.006966050350949546,-0.6767119728372012,0.9957655312959508
pc_scale_sd,0.6,pc_scale_sd=0.6,1,20002,20003,False,1.0,0.014221614740897282,0.004946858013422107,-0.725411200048251,0.9965557916344803
pc_scale_sd,0.6,pc_scale_sd=0.6,2,20004,20005,False,1.0,0.021014924230338017,0.006304175421234193,-0.6834212471081165,0.9990697026343348
pc_scale_sd,0.6,pc_scale_sd=0.6,3,20006,20007,False,1.0,0.023589335086047103,0.006537278257915324,-0.6705270048708715,0.996843430394066
pc_scale_sd,0.6,pc_scale_sd=0.6,4,20008,20009,False,1.0,0.025548914572312786,0.010134521264095264,-0.6847942439917608,0.9963996444279326
pc_scale_sd,0.6,pc_scale_sd=0.6,5,20010,20011,False,1.0,0.03092095309076326,0.007976525083968103,-0.6858280176464225,0.9967025395205161
pc_scale_sd,0.6,pc_scale_sd=0.6,6,20012,20013,False,1.0,0.023281830727400754,0.007253074974066745,-0.7383851318565998,0.9973831093589213
pc_scale_sd,0.6,pc_scale_sd=0.6,7,20014,20015,False,1.0,0.038030189365408584,0.010862153910831226,-0.6291594854341623,0.9983208229401955
pc_scale_sd,0.6,pc_scale_sd=0.6,8,20016,20017,False,1.0,0.02525322877862818,0.008762744928520406,-0.6641062200039286,0.997607294303497
pc_scale_sd,0.6,pc_scale_sd=0.6,9,20018,20019,False,1.0,0.021853089515057378,0.008049880721876502,-0.6704262048362651,0.9964510464058015
pc_scale_sd,0.6,pc_scale_sd=0.6,10,20020,20021,False,1.0,0.028012360953163062,0.010023750379666931,-0.6765958905928401,0.9939156603301524
pc_scale_sd,0.6,pc_scale_sd=0.6,11,20022,20023,False,1.0,0.03159596522017499,0.006997391323772403,-0.7039286501991654,0.9920629221353194
pc_scale_sd,0.6,pc_scale_sd=0.6,12,20024,20025,False,1.0,0.018900553634092487,0.005314818426281962,-0.6847655721144423,0.9975328434847407
pc_scale_sd,0.6,pc_scale_sd=0.6,13,20026,20027,False,1.0,0.019078244664198718,0.006378877271852793,-0.6778337211305152,0.9977417851659742
pc_scale_sd,0.6,pc_scale_sd=0.6,14,20028,20029,False,1.0,0.02484841246045988,0.00796900912354461,-0.657654954422954,0.9963154195298154
phe_re_sd,0.5,phe_re_sd=0.5,0,30000,30001,False,1.0,0.012529777912138718,0.005924595051542659,-0.9736852871397675,0.9984076469888138
phe_re_sd,0.5,phe_re_sd=0.5,1,30002,30003,False,1.0,0.017709403417823566,0.0033821672659519893,-0.9738790168005753,0.9964890976050189
phe_re_sd,0.5,phe_re_sd=0.5,2,30004,30005,False,1.0,0.026724521324618222,0.0071750310420598176,-1.0883277384505532,0.9963451791441453
phe_re_sd,0.5,phe_re_sd=0.5,3,30006,30007,False,1.0,0.023519711420983747,0.009089130265263836,-1.0469364509938142,0.9969982423640744
phe_re_sd,0.5,phe_re_sd=0.5,4,30008,30009,False,1.0,0.02199394442500857,0.008125232049557033,-0.9505836885245389,0.9978712747899926
phe_re_sd,0.5,phe_re_sd=0.5,5,30010,30011,False,1.0,0.03100375651732923,0.007359286126957197,-1.0632784957006287,0.9980877667347626
phe_re_sd,0.5,phe_re_sd=0.5,6,30012,30013,False,1.0,0.02468209496974294,0.003943804246737466,-1.0076950877340185,0.9964822191010445
phe_re_sd,0.5,phe_re_sd=0.5,7,30014,30015,False,1.0,0.02260528590253763,0.005573295645389952,-1.0443862278663072,0.9972782931108167
phe_re_sd,0.5,phe_re_sd=0.5,8,30016,30017,False,1.0,0.015019329105968315,0.005705167306131798,-1.014579339608964,0.9974548646072736
phe_re_sd,0.5,phe_re_sd=0.5,9,30018,30019,False,1.0,0.015073616062140971,0.00578426974164412,-0.9785810484986426,0.9988427245405778
phe_re_sd,0.5,phe_re_sd=0.5,10,30020,30021,False,1.0,0.01645675251762435,0.0048151553223584114,-1.0170633683295958,0.9939785372403994
phe_re_sd,0.5,phe_re_sd=0.5,11,30022,30023,False,1.0,0.012898915985921688,0.0049516125535063035,-1.0356379052533475,0.9955830835859618
phe_re_sd,0.5,phe_re_sd=0.5,12,30024,30025,False,1.0,0.015114866166162866,0.003951497045790499,-1.0267269258978096,0.9985812796966465
phe_re_sd,0.5,phe_re_sd=0.5,13,30026,30027,False,1.0,0.019957291569685953,0.006867926864576572,-1.0301483841877075,0.9966673790276799
phe_re_sd,0.5,phe_re_sd=0.5,14,30028,30029,False,1.0,0.015196073086432005,0.004817871068539711,-1.052126311846153,0.9983623657810407
phe_re_sd,1.0,phe_re_sd=1.0,0,40000,40001,False,1.0,0.02822009817561255,0.009359012266600842,-0.9576341676144826,0.9979575264264312
phe_re_sd,1.0,phe_re_sd=1.0,1,40002,40003,False,1.0,0.02033543992763623,0.005185298737616631,-0.9994138245344367,0.9989948613301711
phe_re_sd,1.0,phe_re_sd=1.0,2,40004,40005,False,1.0,0.02113108922262108,0.006100836919202456,-0.9612850043823692,0.9957596626030649
phe_re_sd,1.0,phe_re_sd=1.0,3,40006,40007,False,1.0,0.018472279404554093,0.006567754329846237,-1.0046488644653393,0.9942325797328495
phe_re_sd,1.0,phe_re_sd=1.0,4,40008,40009,False,1.0,0.022325886112069426,0.005425490373966063,-0.9572503748098182,0.9937707253926378
phe_re_sd,1.0,phe_re_sd=1.0,5,40010,40011,False,1.0,0.011762821874842344,0.0034591817861758323,-1.0096667442934097,0.9989126264058152
phe_re_sd,1.0,phe_re_sd=1.0,6,40012,40013,False,1.0,0.015501000445253765,0.00383573490816037,-1.0108933021349693,0.9943333841084058
phe_re_sd,1.0,phe_re_sd=1.0,7,40014,40015,False,1.0,0.020053803377922397,0.004919152804858243,-1.0410849139917593,0.999280567368942
phe_re_sd,1.0,phe_re_sd=1.0,8,40016,40017,False,1.0,0.01958726524488208,0.006688914138303054,-1.026493279531596,0.9972668409991291
phe_re_sd,1.0,phe_re_sd=1.0,9,40018,40019,False,1.0,0.033516864820379466,0.008131718308247278,-0.9838020664564895,0.9976265679507235
phe_re_sd,1.0,phe_re_sd=1.0,10,40020,40021,False,1.0,0.020493684073770058,0.0061727795794928614,-0.9608781012516842,0.9987239029326052
phe_re_sd,1.0,phe_re_sd=1.0,11,40022,40023,False,1.0,0.025687059701308246,0.004869489143277192,-1.038538638305276,0.9964280370784198
phe_re_sd,1.0,phe_re_sd=1.0,12,40024,40025,False,1.0,0.012372453247541493,0.003292115795931763,-0.9964487318013365,0.997686702883019
phe_re_sd,1.0,phe_re_sd=1.0,13,40026,40027,False,1.0,0.01804926405665408,0.005201570807077105,-0.9812351530507991,0.9960510617491861
phe_re_sd,1.0,phe_re_sd=1.0,14,40028,40029,False,1.0,0.024332743781737554,0.008083389821277803,-0.9532716920717357,0.9937842151023583
pc_lapse_rate,0.05,pc_lapse=0.05,0,50000,50001,False,1.0,0.027716814630365405,0.009557426692576105,-0.5189538413876529,0.9988372097934888
pc_lapse_rate,0.05,pc_lapse=0.05,1,50002,50003,False,1.0,0.022014820110885736,0.0060553688948559985,-0.5232436689854005,0.9964790183635032
pc_lapse_rate,0.05,pc_lapse=0.05,2,50004,50005,False,1.0,0.019580493893323614,0.006036835015848956,-0.5181516349235573,0.9946775613930996
pc_lapse_rate,0.05,pc_lapse=0.05,3,50006,50007,False,1.0,0.01508733938021295,0.0062813048757915865,-0.522534789235586,0.9973412406151028
pc_lapse_rate,0.05,pc_lapse=0.05,4,50008,50009,False,1.0,0.02891268602118735,0.008968087873957756,-0.5113243915877765,0.9971958318137919
pc_lapse_rate,0.05,pc_lapse=0.05,5,50010,50011,False,1.0,0.03463540529230047,0.009382118890527504,-0.4936312109850286,0.995948954108303
pc_lapse_rate,0.05,pc_lapse=0.05,6,50012,50013,False,1.0,0.04631150153236263,0.013764992528073578,-0.4957805696252336,0.992151190026645
pc_lapse_rate,0.05,pc_lapse=0.05,7,50014,50015,False,1.0,0.023225823415213898,0.007394425603157314,-0.5558521780707498,0.9961307986543297
pc_lapse_rate,0.05,pc_lapse=0.05,8,50016,50017,False,1.0,0.01973257766033587,0.005639563566566122,-0.5153354992106532,0.9987582442248324
pc_lapse_rate,0.05,pc_lapse=0.05,9,50018,50019,False,1.0,0.026697580867875548,0.008356928317966717,-0.5147733998289484,0.9943331468427782
pc_lapse_rate,0.05,pc_lapse=0.05,10,50020,50021,False,1.0,0.015564026418358745,0.006217453792427623,-0.5286764170407992,0.9944318209884203
pc_lapse_rate,0.05,pc_lapse=0.05,11,50022,50023,False,1.0,0.026561498646841653,0.009677690941139261,-0.49757066133820227,0.9917525643857584
pc_lapse_rate,0.05,pc_lapse=0.05,12,50024,50025,False,1.0,0.026655569385214184,0.007619909089961993,-0.51770655004361,0.9931459882726303
pc_lapse_rate,0.05,pc_lapse=0.05,13,50026,50027,False,1.0,0.022534379990730713,0.009946229183884839,-0.5179941734689366,0.9863319464761109
pc_lapse_rate,0.05,pc_lapse=0.05,14,50028,50029,False,1.0,0.023752125662999335,0.006796790017924911,-0.544272773165655,0.9965869977367983
pc_lapse_rate,0.15,pc_lapse=0.15,0,60000,60001,False,1.0,0.05047752660825933,0.012572485518268344,-0.3221856936368428,0.9928550485831193
pc_lapse_rate,0.15,pc_lapse=0.15,1,60002,60003,False,1.0,0.035933083766251483,0.00898139251277743,-0.3515633685132088,0.9978981701878488
pc_lapse_rate,0.15,pc_lapse=0.15,2,60004,60005,False,1.0,0.032060544299294724,0.008736624460523298,-0.3434760234416776,0.9957116196593943
pc_lapse_rate,0.15,pc_lapse=0.15,3,60006,60007,False,1.0,0.033858628310592276,0.009892253939082827,-0.33129865049707363,0.9988017406773457
pc_lapse_rate,0.15,pc_lapse=0.15,4,60008,60009,False,1.0,0.02488187607027814,0.006444985844719903,-0.3625759283866226,0.9967846541604773
pc_lapse_rate,0.15,pc_lapse=0.15,5,60010,60011,False,1.0,0.02202419998690114,0.005057996724996187,-0.34686428952816917,0.9923051552153619
pc_lapse_rate,0.15,pc_lapse=0.15,6,60012,60013,False,1.0,0.033446082185415116,0.006725335710576577,-0.3482232158507969,0.9972348326067576
pc_lapse_rate,0.15,pc_lapse=0.15,7,60014,60015,False,1.0,0.02650384727016941,0.0052312322943549655,-0.34968416784171114,0.9969309241553138
pc_lapse_rate,0.15,pc_lapse=0.15,8,60016,60017,False,1.0,0.04137942901988634,0.009974729656827105,-0.33340362000750823,0.9950675153014604
pc_lapse_rate,0.15,pc_lapse=0.15,9,60018,60019,False,1.0,0.024918073267327312,0.008095473910802072,-0.3421553139325706,0.9955043771229035
pc_lapse_rate,0.15,pc_lapse=0.15,10,60020,60021,False,1.0,0.035165408261472964,0.011421609054532683,-0.3473102120668308,0.9955470155134324
pc_lapse_rate,0.15,pc_lapse=0.15,11,60022,60023,False,1.0,0.03241703489442427,0.0074242783878803965,-0.35381859683543115,0.9918659220189998
pc_lapse_rate,0.15,pc_lapse=0.15,12,60024,60025,False,1.0,0.018604392870630426,0.0063210510523211225,-0.359897894475014,0.9980387481592038
pc_lapse_rate,0.15,pc_lapse=0.15,13,60026,60027,False,1.0,0.03947836657239423,0.011110710579665043,-0.33997072899628517,0.9990041663038853
pc_lapse_rate,0.15,pc_lapse=0.15,14,60028,60029,False,1.0,0.0200983145180057,0.005587575115056193,-0.3442367452138455,0.9959582543069326
phe_lapse_rate,0.05,phe_lapse=0.05,0,70000,70001,False,1.0,0.03203120676629745,0.006872923563276523,-0.9775686916301912,0.995316630940537
phe_lapse_rate,0.05,phe_lapse=0.05,1,70002,70003,False,1.0,0.015396519648968432,0.00446901851838107,-0.9908429086846814,0.9994861118536531
phe_lapse_rate,0.05,phe_lapse=0.05,2,70004,70005,False,1.0,0.01461527340753388,0.0034130651661907277,-0.974275412061104,0.99479027438336
phe_lapse_rate,0.05,phe_lapse=0.05,3,70006,70007,False,1.0,0.020443422106447007,0.005825392057343146,-0.9996240529211845,0.9954191385951917
phe_lapse_rate,0.05,phe_lapse=0.05,4,70008,70009,False,1.0,0.017913313174094392,0.005083579957628795,-0.9842175946322885,0.9924045379484232
phe_lapse_rate,0.05,phe_lapse=0.05,5,70010,70011,False,1.0,0.013924800581035457,0.004833311131113926,-1.0132659757739706,0.9948408361458388
phe_lapse_rate,0.05,phe_lapse=0.05,6,70012,70013,False,1.0,0.02140966455488269,0.0043065128010440394,-0.9964176796522928,0.9985729275580235
phe_lapse_rate,0.05,phe_lapse=0.05,7,70014,70015,False,1.0,0.02639616626567498,0.006195028789519516,-0.9688885851946073,0.9966200019748814
phe_lapse_rate,0.05,phe_lapse=0.05,8,70016,70017,False,1.0,0.019080659516263365,0.005331472078477264,-1.006494196282273,0.9973782212193492
phe_lapse_rate,0.05,phe_lapse=0.05,9,70018,70019,False,1.0,0.03429343372628829,0.0048642351962850956,-1.0286676553752805,0.9902954166898748
phe_lapse_rate,0.05,phe_lapse=0.05,10,70020,70021,False,1.0,0.034326395083248085,0.0048864705202765965,-0.9816239953539784,0.9940231873825632
phe_lapse_rate,0.05,phe_lapse=0.05,11,70022,70023,False,1.0,0.01271056784576019,0.0038917773030725674,-0.9988768813567236,0.9984456303846662
phe_lapse_rate,0.05,phe_lapse=0.05,12,70024,70025,False,1.0,0.01909350286633349,0.0042959322035402495,-1.0098173925828573,0.9960634547783075
phe_lapse_rate,0.05,phe_lapse=0.05,13,70026,70027,False,1.0,0.01368572694736847,0.0034673000007630255,-0.9991274101144862,0.9978623513687264
phe_lapse_rate,0.05,phe_lapse=0.05,14,70028,70029,False,1.0,0.015153047184396029,0.0042610062017098965,-0.9904138037299416,0.9984065612377656
phe_lapse_rate,0.15,phe_lapse=0.15,0,80000,80001,False,1.0,0.03794373205001811,0.010832463179551808,-0.9660029185393134,0.9951322441673207
phe_lapse_rate,0.15,phe_lapse=0.15,1,80002,80003,False,1.0,0.02903090035186562,0.007022169775971618,-0.9517097415966244,0.9940272920775578
phe_lapse_rate,0.15,phe_lapse=0.15,2,80004,80005,False,1.0,0.014738190683729613,0.005473240066880217,-1.0529589400889747,0.998435624063038
phe_lapse_rate,0.15,phe_lapse=0.15,3,80006,80007,False,1.0,0.02210535736791397,0.005609477039356632,-1.0009228058457496,0.9915333252407786
phe_lapse_rate,0.15,phe_lapse=0.15,4,80008,80009,False,1.0,0.024490701059475317,0.00646097967901626,-1.0488764926519907,0.9967539270268819
phe_lapse_rate,0.15,phe_lapse=0.15,5,80010,80011,False,1.0,0.019685454053684937,0.006110538293589412,-1.044789892007665,0.977101614650218
phe_lapse_rate,0.15,phe_lapse=0.15,6,80012,80013,False,1.0,0.03260466680137042,0.010436268251684628,-1.0745232861629115,0.9961931953850847
phe_lapse_rate,0.15,phe_lapse=0.15,7,80014,80015,False,1.0,0.012608731087971004,0.006022299159752688,-0.9437451269861932,0.995246373036825
phe_lapse_rate,0.15,phe_lapse=0.15,8,80016,80017,False,1.0,0.024329683200757346,0.004409543305822307,-0.9684660527663791,0.9955876841222747
phe_lapse_rate,0.15,phe_lapse=0.15,9,80018,80019,False,1.0,0.012394138688484657,0.004406072436872959,-1.004923404470449,0.9930067531231364
phe_lapse_rate,0.15,phe_lapse=0.15,10,80020,80021,False,1.0,0.04887409121981978,0.009056717151204808,-0.974201872594546,0.9920313475958844
phe_lapse_rate,0.15,phe_lapse=0.15,11,80022,80023,False,1.0,0.016681078514983128,0.005270972114338822,-0.9848141998378998,0.9925919854270527
phe_lapse_rate,0.15,phe_lapse=0.15,12,80024,80025,False,1.0,0.013127890871687975,0.004599628433164961,-1.0157714468390386,0.9950138563188414
phe_lapse_rate,0.15,phe_lapse=0.15,13,80026,80027,False,1.0,0.010990493989137429,0.00348366222424,-0.9945528444596283,0.9959160914963988
phe_lapse_rate,0.15,phe_lapse=0.15,14,80028,80029,False,1.0,0.030609318518926232,0.008718119715021237,-0.9508130680268816,0.9958279358669726
pc_position_bias,0.1,pc_position_bias=0.1,0,90000,90001,False,1.0,0.019933989066191926,0.004735408016820701,-1.0175656290085289,0.9976263022198623
pc_position_bias,0.1,pc_position_bias=0.1,1,90002,90003,False,1.0,0.02116498140480283,0.004448506144033487,-0.9813857334732873,0.9953898075263743
pc_position_bias,0.1,pc_position_bias=0.1,2,90004,90005,False,1.0,0.015158230719547083,0.0039808894271087,-1.0236380356549175,0.9986695483692956
pc_position_bias,0.1,pc_position_bias=0.1,3,90006,90007,False,1.0,0.017219553280198197,0.005048418982027643,-0.9818416368372498,0.9995480775954887
pc_position_bias,0.1,pc_position_bias=0.1,4,90008,90009,False,1.0,0.012047829364480483,0.0046403707747910625,-1.0465588633133731,0.998528287768884
pc_position_bias,0.1,pc_position_bias=0.1,5,90010,90011,False,1.0,0.01403849421674222,0.004322183099326644,-0.9991772563032868,0.9941047141021837
pc_position_bias,0.1,pc_position_bias=0.1,6,90012,90013,False,1.0,0.02073132668608063,0.00465085955297354,-0.988890052969586,0.995862748134154
pc_position_bias,0.1,pc_position_bias=0.1,7,90014,90015,False,1.0,0.027607720531601987,0.006721928819980993,-0.9706315649705876,0.9977158401169449
pc_position_bias,0.1,pc_position_bias=0.1,8,90016,90017,False,1.0,0.013305256164703683,0.004800409599756148,-0.9682100599990044,0.9971244365313875
pc_position_bias,0.1,pc_position_bias=0.1,9,90018,90019,False,1.0,0.016253098361277085,0.0037839539231491596,-0.9928123031824803,0.9989411138524706
pc_position_bias,0.1,pc_position_bias=0.1,10,90020,90021,False,1.0,0.016643604326247063,0.0028616931201885997,-0.9773911440486693,0.9976326319285926
pc_position_bias,0.1,pc_position_bias=0.1,11,90022,90023,False,1.0,0.022843986760747725,0.004026442530400311,-0.9628132411767978,0.9939691856878342
pc_position_bias,0.1,pc_position_bias=0.1,12,90024,90025,False,1.0,0.013020860721131344,0.003623274151430647,-1.014386539826227,0.994378365467619
pc_position_bias,0.1,pc_position_bias=0.1,13,90026,90027,False,1.0,0.012749723229336984,0.00403254746950975,-0.9575050858165934,0.9979653519516751
pc_position_bias,0.1,pc_position_bias=0.1,14,90028,90029,False,1.0,0.02962621723461145,0.008684544590966764,-1.0731790156776075,0.9966727967335913
pc_position_bias,0.3,pc_position_bias=0.3,0,100000,100001,False,1.0,0.018010088196125595,0.0032422295743334785,-0.9797506358748983,0.9962682107175637
pc_position_bias,0.3,pc_position_bias=0.3,1,100002,100003,False,1.0,0.021937168749603497,0.004239261932417501,-0.9303945795983567,0.9984517559081635
pc_position_bias,0.3,pc_position_bias=0.3,2,100004,100005,False,1.0,0.018962692520160362,0.0059717937648457245,-0.9853131145180635,0.9955282102935394
pc_position_bias,0.3,pc_position_bias=0.3,3,100006,100007,False,1.0,0.008605858809985878,0.003656204167038178,-0.9539572416298272,0.9977465368975996
pc_position_bias,0.3,pc_position_bias=0.3,4,100008,100009,False,1.0,0.014859351031648427,0.004064723671282901,-0.9763430045468864,0.9986430305820443
pc_position_bias,0.3,pc_position_bias=0.3,5,100010,100011,False,1.0,0.02873336029004414,0.006062347069681069,-0.9291246666975079,0.9955485589546839
pc_position_bias,0.3,pc_position_bias=0.3,6,100012,100013,False,1.0,0.01714332153556669,0.004845170634103303,-0.9799219251555321,0.9972627588802345
pc_position_bias,0.3,pc_position_bias=0.3,7,100014,100015,False,1.0,0.012774580296795346,0.0042879926063058805,-0.9393761606247835,0.996206858157982
pc_position_bias,0.3,pc_position_bias=0.3,8,100016,100017,False,1.0,0.01553954890331477,0.003516074265298598,-0.9789797808366002,0.998065522510553
pc_position_bias,0.3,pc_position_bias=0.3,9,100018,100019,False,1.0,0.027966851338630305,0.005959070633255212,-1.0039229456222059,0.9953445444656194
pc_position_bias,0.3,pc_position_bias=0.3,10,100020,100021,False,1.0,0.01970414823140798,0.0046420250466632,-0.9602230027013328,0.9985293769774412
pc_position_bias,0.3,pc_position_bias=0.3,11,100022,100023,False,1.0,0.012016076829879596,0.0031350364451380912,-0.9373161179416928,0.9982632226924575
pc_position_bias,0.3,pc_position_bias=0.3,12,100024,100025,False,1.0,0.02955861672384541,0.009129444717772644,-0.886570914509963,0.9973366436194275
pc_position_bias,0.3,pc_position_bias=0.3,13,100026,100027,False,1.0,0.012491884724633584,0.004321427206018748,-0.9933320152070516,0.9976955909475961
pc_position_bias,0.3,pc_position_bias=0.3,14,100028,100029,False,1.0,0.02605559091292281,0.005796470233026025,-0.9546323811407136,0.996272584239759
pc_curvature,0.05,pc_curvature=0.05,0,110000,110001,False,1.0,0.05954175236548709,0.01864492753667873,-1.1331931057383784,0.996778289428365
pc_curvature,0.05,pc_curvature=0.05,1,110002,110003,False,1.0,0.04780503797702529,0.017446028839753897,-1.1051021667717533,0.9913196899646595
pc_curvature,0.05,pc_curvature=0.05,2,110004,110005,False,1.0,0.050237257346487985,0.01653483304402683,-1.1212955162219627,0.9934455793344111
pc_curvature,0.05,pc_curvature=0.05,3,110006,110007,False,1.0,0.04487006463524801,0.014895544471910572,-1.0627241671180219,0.9961179235426576
pc_curvature,0.05,pc_curvature=0.05,4,110008,110009,False,1.0,0.04959556644384999,0.015531631829594,-1.1121451069314654,0.9926383813110883
pc_curvature,0.05,pc_curvature=0.05,5,110010,110011,False,1.0,0.04178535589462873,0.013064243722175503,-1.0927222816257733,0.9981760998060658
pc_curvature,0.05,pc_curvature=0.05,6,110012,110013,False,1.0,0.04460442035881562,0.014074069862139929,-1.1037950723635306,0.9965841800595358
pc_curvature,0.05,pc_curvature=0.05,7,110014,110015,False,1.0,0.0394566127636119,0.014496710534430902,-1.0458864475993834,0.9962480894731953
pc_curvature,0.05,pc_curvature=0.05,8,110016,110017,False,1.0,0.0381443833232008,0.014617346180520779,-1.0411748004936674,0.9966929174555261
pc_curvature,0.05,pc_curvature=0.05,9,110018,110019,False,1.0,0.05236399167856498,0.016930070584907336,-1.1083900993559002,0.9918894422306498
pc_curvature,0.05,pc_curvature=0.05,10,110020,110021,False,1.0,0.0631413192245559,0.01733678818636648,-1.1020270904731082,0.9968004728190935
pc_curvature,0.05,pc_curvature=0.05,11,110022,110023,False,1.0,0.040974633202460975,0.014427641872684065,-1.0959211226191472,0.9991211522880987
pc_curvature,0.05,pc_curvature=0.05,12,110024,110025,False,1.0,0.05478492496533616,0.01753835224404608,-1.1470730347876479,0.9890155002483044
pc_curvature,0.05,pc_curvature=0.05,13,110026,110027,False,1.0,0.035620852362225786,0.012512198853775214,-1.0626735825334095,0.997669320122509
pc_curvature,0.05,pc_curvature=0.05,14,110028,110029,False,1.0,0.06759048167471593,0.02237414328604464,-1.179225608062208,0.9909741565970455
pc_curvature,0.15,pc_curvature=0.15,0,120000,120001,False,1.0,0.16065405839295954,0.043688924258646435,-1.3298100614352777,0.9853175375100134
pc_curvature,0.15,pc_curvature=0.15,1,120002,120003,False,1.0,0.1619613877917676,0.04148941448424024,-1.2846034860871596,0.9833492969308064
pc_curvature,0.15,pc_curvature=0.15,2,120004,120005,False,1.0,0.15235731256378404,0.04004432493984993,-1.253342323714509,0.9871132330870257
pc_curvature,0.15,pc_curvature=0.15,3,120006,120007,False,1.0,0.13836840356615454,0.03657694585459715,-1.2366916998521134,0.9809454452819775
pc_curvature,0.15,pc_curvature=0.15,4,120008,120009,False,1.0,0.17081002222566777,0.04514311374298169,-1.3070772056522626,0.989991699512853
pc_curvature,0.15,pc_curvature=0.15,5,120010,120011,False,1.0,0.17547370256710226,0.046731352704458835,-1.339244746257329,0.9852985280547266
pc_curvature,0.15,pc_curvature=0.15,6,120012,120013,False,1.0,0.15513839257378315,0.04279081614002215,-1.2497203622769557,0.9809603588794624
pc_curvature,0.15,pc_curvature=0.15,7,120014,120015,False,0.9984962406015038,0.1594861121052964,0.04204138690347449,-1.256166267898811,0.9841535840866943
pc_curvature,0.15,pc_curvature=0.15,8,120016,120017,False,1.0,0.16003889280096728,0.04241622774997249,-1.2434584591881945,0.9834889740088347
pc_curvature,0.15,pc_curvature=0.15,9,120018,120019,False,0.9984962406015038,0.15435534337323598,0.04066181461395782,-1.2304161962315017,0.987136411800245
pc_curvature,0.15,pc_curvature=0.15,10,120020,120021,False,1.0,0.1674709985508802,0.04587055761398457,-1.3391988787330822,0.9844885279388408
pc_curvature,0.15,pc_curvature=0.15,11,120022,120023,False,1.0,0.1719300729356058,0.04462752545780106,-1.332060337233957,0.9832377718841675
pc_curvature,0.15,pc_curvature=0.15,12,120024,120025,False,1.0,0.16665905583790663,0.0441766021869541,-1.320801491149621,0.9841248175635643
pc_curvature,0.15,pc_curvature=0.15,13,120026,120027,False,1.0,0.15447392324080367,0.03879712012921724,-1.2873077810715872,0.9880474209041208
pc_curvature,0.15,pc_curvature=0.15,14,120028,120029,False,1.0,0.1662428524009385,0.04437784297568411,-1.3687190262136406,0.9859101155851577
pc_error_dist,,pc_error_dist=logistic,0,130000,130001,False,1.0,0.03328848589379929,0.006433890673944981,-0.9141911454282364,0.9983835628724383
pc_error_dist,,pc_error_dist=logistic,1,130002,130003,False,1.0,0.015232865375063076,0.006467053061555067,-0.8807943265631984,0.996031690512669
pc_error_dist,,pc_error_dist=logistic,2,130004,130005,False,1.0,0.01566816340732713,0.00422046885872944,-0.9329935312150612,0.9966427052590681
pc_error_dist,,pc_error_dist=logistic,3,130006,130007,False,1.0,0.02410078456456688,0.0065439937677149035,-0.906421358205463,0.9979962068303196
pc_error_dist,,pc_error_dist=logistic,4,130008,130009,False,1.0,0.017126860365319296,0.00566749951803198,-0.9856822352128297,0.9961542439951774
pc_error_dist,,pc_error_dist=logistic,5,130010,130011,False,1.0,0.021548674441269622,0.008511970374987807,-0.8814093352713684,0.9977826436326465
pc_error_dist,,pc_error_dist=logistic,6,130012,130013,False,1.0,0.016584298590146707,0.003154170500302737,-0.9250797400151873,0.9991313708594087
pc_error_dist,,pc_error_dist=logistic,7,130014,130015,False,1.0,0.02345516196139802,0.005573532024918802,-0.9067601068502983,0.9964451565811355
pc_error_dist,,pc_error_dist=logistic,8,130016,130017,False,1.0,0.01961448806088939,0.0051790095936606415,-0.9266936377385873,0.9975886813822041
pc_error_dist,,pc_error_dist=logistic,9,130018,130019,False,1.0,0.017817175361672377,0.004552937829562601,-0.9111640525080762,0.9969145275530693
pc_error_dist,,pc_error_dist=logistic,10,130020,130021,False,1.0,0.020037792254708586,0.007201948258577564,-0.9162158346967646,0.9918065919868979
pc_error_dist,,pc_error_dist=logistic,11,130022,130023,False,1.0,0.025444626826081063,0.007709371219622822,-0.9710227752958885,0.9976001742733949
pc_error_dist,,pc_error_dist=logistic,12,130024,130025,False,1.0,0.02789540600739604,0.007777228913608475,-0.9381816337492639,0.9985426638247223
pc_error_dist,,pc_error_dist=logistic,13,130026,130027,False,1.0,0.023850671232228282,0.005993107572438571,-0.9438254405397567,0.9977760448893773
pc_error_dist,,pc_error_dist=logistic,14,130028,130029,False,1.0,0.040061535471597076,0.008982775472457048,-0.9937990187250225,0.996323287178122
